pecha_id,source_batch,has_tsawa_layer,n_spans,n_isverse_true,n_isverse_false,n_isverse_missing,base_chars,tsawa_chars_sum,tsawa_chars_union,coverage_pct,avg_span_len,median_span_len,n_zero_length,n_inverted,n_out_of_bounds,n_overlap_pairs,n_spans_overlapping,parse_status,notes,opf_root,tsawa_path,base_path
I001D528B,new,False,0,0,0,0,207753,0,0,0.0,,,0,0,0,0,0,no_tsawa_layer,,/Users/tenzinyonten/layer_detection/data/raw_opf/I001D528B.opf/I001D528B.opf,,/Users/tenzinyonten/layer_detection/data/raw_opf/I001D528B.opf/I001D528B.opf/base/v001.txt
I014A51A2,new,False,0,0,0,0,22607,0,0,0.0,,,0,0,0,0,0,no_tsawa_layer,,/Users/tenzinyonten/layer_detection/data/raw_opf/I014A51A2.opf/I014A51A2.opf,,/Users/tenzinyonten/layer_detection/data/raw_opf/I014A51A2.opf/I014A51A2.opf/base/v001.txt
I0156A8B1,new,True,1,1,0,0,62574,63,63,0.100681,63.0,63.0,0,0,0,0,0,ok,,/Users/tenzinyonten/layer_detection/data/raw_opf/I0156A8B1.opf/I0156A8B1.opf,/Users/tenzinyonten/layer_detection/data/raw_opf/I0156A8B1.opf/I0156A8B1.opf/layers/v001/Tsawa.yml,/Users/tenzinyonten/layer_detection/data/raw_opf/I0156A8B1.opf/I0156A8B1.opf/base/v001.txt
I0288940D,new,False,0,0,0,0,30074,0,0,0.0,,,0,0,0,0,0,no_tsawa_layer,,/Users/tenzinyonten/layer_detection/data/raw_opf/I0288940D.opf/I0288940D.opf,,/Users/tenzinyonten/layer_detection/data/raw_opf/I0288940D.opf/I0288940D.opf/base/v001.txt
I048844DB,new,False,0,0,0,0,50543,0,0,0.0,,,0,0,0,0,0,no_tsawa_layer,,/Users/tenzinyonten/layer_detection/data/raw_opf/I048844DB.opf/I048844DB.opf,,/Users/tenzinyonten/layer_detection/data/raw_opf/I048844DB.opf/I048844DB.opf/base/v001.txt
I058DD999,new,True,147,146,1,0,165717,22958,22958,13.853739,156.177,146.0,0,0,0,0,0,ok,,/Users/tenzinyonten/layer_detection/data/raw_opf/I058DD999.opf/I058DD999.opf,/Users/tenzinyonten/layer_detection/data/raw_opf/I058DD999.opf/I058DD999.opf/layers/v001/Tsawa.yml,/Users/tenzinyonten/layer_detection/data/raw_opf/I058DD999.opf/I058DD999.opf/base/v001.txt
I069801F1,new,True,13,3,10,0,55881,868,868,1.553301,66.769,33.0,0,0,0,0,0,ok,,/Users/tenzinyonten/layer_detection/data/raw_opf/I069801F1.opf/I069801F1.opf,/Users/tenzinyonten/layer_detection/data/raw_opf/I069801F1.opf/I069801F1.opf/layers/v001/Tsawa.yml,/Users/tenzinyonten/layer_detection/data/raw_opf/I069801F1.opf/I069801F1.opf/base/v001.txt
I07240379,new,True,3,1,2,0,140805,245,245,0.174,81.667,53.0,0,0,0,0,0,ok,,/Users/tenzinyonten/layer_detection/data/raw_opf/I07240379.opf/I07240379.opf,/Users/tenzinyonten/layer_detection/data/raw_opf/I07240379.opf/I07240379.opf/layers/v001/Tsawa.yml,/Users/tenzinyonten/layer_detection/data/raw_opf/I07240379.opf/I07240379.opf/base/v001.txt
I07ECF0AE,new,False,0,0,0,0,93532,0,0,0.0,,,0,0,0,0,0,no_tsawa_layer,,/Users/tenzinyonten/layer_detection/data/raw_opf/I07ECF0AE.opf/I07ECF0AE.opf,,/Users/tenzinyonten/layer_detection/data/raw_opf/I07ECF0AE.opf/I07ECF0AE.opf/base/v001.txt
I07EDDE07,new,False,0,0,0,0,17571,0,0,0.0,,,0,0,0,0,0,no_tsawa_layer,,/Users/tenzinyonten/layer_detection/data/raw_opf/I07EDDE07.opf/I07EDDE07.opf,,/Users/tenzinyonten/layer_detection/data/raw_opf/I07EDDE07.opf/I07EDDE07.opf/base/v001.txt
I08405360,new,False,0,0,0,0,346900,0,0,0.0,,,0,0,0,0,0,no_tsawa_layer,,/Users/tenzinyonten/layer_detection/data/raw_opf/I08405360.opf/I08405360.opf,,/Users/tenzinyonten/layer_detection/data/raw_opf/I08405360.opf/I08405360.opf/base/v001.txt
I0B81CD66,new,True,1,1,0,0,347591,115,115,0.033085,115.0,115.0,0,0,0,0,0,ok,,/Users/tenzinyonten/layer_detection/data/raw_opf/I0B81CD66.opf/I0B81CD66.opf,/Users/tenzinyonten/layer_detection/data/raw_opf/I0B81CD66.opf/I0B81CD66.opf/layers/v001/Tsawa.yml,/Users/tenzinyonten/layer_detection/data/raw_opf/I0B81CD66.opf/I0B81CD66.opf/base/v001.txt
I0FCFA88F,new,True,146,146,0,0,239456,39089,39089,16.324085,267.733,210.0,0,0,0,0,0,ok,,/Users/tenzinyonten/layer_detection/data/raw_opf/I0FCFA88F.opf/I0FCFA88F.opf,/Users/tenzinyonten/layer_detection/data/raw_opf/I0FCFA88F.opf/I0FCFA88F.opf/layers/v001/Tsawa.yml,/Users/tenzinyonten/layer_detection/data/raw_opf/I0FCFA88F.opf/I0FCFA88F.opf/base/v001.txt
I0FE9ED9E,new,False,0,0,0,0,128031,0,0,0.0,,,0,0,0,0,0,no_tsawa_layer,,/Users/tenzinyonten/layer_detection/data/raw_opf/I0FE9ED9E.opf/I0FE9ED9E.opf,,/Users/tenzinyonten/layer_detection/data/raw_opf/I0FE9ED9E.opf/I0FE9ED9E.opf/base/v001.txt
I100E7DAD,new,True,325,325,0,0,341946,46536,46536,13.609166,143.188,120.0,0,0,0,0,0,ok,,/Users/tenzinyonten/layer_detection/data/raw_opf/I100E7DAD.opf/I100E7DAD.opf,/Users/tenzinyonten/layer_detection/data/raw_opf/I100E7DAD.opf/I100E7DAD.opf/layers/v001/Tsawa.yml,/Users/tenzinyonten/layer_detection/data/raw_opf/I100E7DAD.opf/I100E7DAD.opf/base/v001.txt
I10C4C4B5,new,False,0,0,0,0,206837,0,0,0.0,,,0,0,0,0,0,no_tsawa_layer,,/Users/tenzinyonten/layer_detection/data/raw_opf/I10C4C4B5.opf/I10C4C4B5.opf,,/Users/tenzinyonten/layer_detection/data/raw_opf/I10C4C4B5.opf/I10C4C4B5.opf/base/v001.txt
I11440433,new,False,0,0,0,0,68799,0,0,0.0,,,0,0,0,0,0,no_tsawa_layer,,/Users/tenzinyonten/layer_detection/data/raw_opf/I11440433.opf/I11440433.opf,,/Users/tenzinyonten/layer_detection/data/raw_opf/I11440433.opf/I11440433.opf/base/v001.txt
I130B5D0F,new,False,0,0,0,0,82233,0,0,0.0,,,0,0,0,0,0,no_tsawa_layer,,/Users/tenzinyonten/layer_detection/data/raw_opf/I130B5D0F.opf/I130B5D0F.opf,,/Users/tenzinyonten/layer_detection/data/raw_opf/I130B5D0F.opf/I130B5D0F.opf/base/v001.txt
I1561B2F5,new,False,0,0,0,0,13012,0,0,0.0,,,0,0,0,0,0,no_tsawa_layer,,/Users/tenzinyonten/layer_detection/data/raw_opf/I1561B2F5.opf/I1561B2F5.opf,,/Users/tenzinyonten/layer_detection/data/raw_opf/I1561B2F5.opf/I1561B2F5.opf/base/v001.txt
I163178A0,new,True,2,0,2,0,7522,56,56,0.744483,28.0,28.0,0,0,0,0,0,ok,,/Users/tenzinyonten/layer_detection/data/raw_opf/I163178A0.opf/I163178A0.opf,/Users/tenzinyonten/layer_detection/data/raw_opf/I163178A0.opf/I163178A0.opf/layers/v001/Tsawa.yml,/Users/tenzinyonten/layer_detection/data/raw_opf/I163178A0.opf/I163178A0.opf/base/v001.txt
I1637B774,new,True,438,0,438,0,27637,4014,4014,14.524008,9.185,6.0,1,0,0,0,0,ok,,/Users/tenzinyonten/layer_detection/data/raw_opf/I1637B774.opf/I1637B774.opf,/Users/tenzinyonten/layer_detection/data/raw_opf/I1637B774.opf/I1637B774.opf/layers/v001/Tsawa.yml,/Users/tenzinyonten/layer_detection/data/raw_opf/I1637B774.opf/I1637B774.opf/base/v001.txt
I1649804C,new,False,0,0,0,0,40079,0,0,0.0,,,0,0,0,0,0,no_tsawa_layer,,/Users/tenzinyonten/layer_detection/data/raw_opf/I1649804C.opf/I1649804C.opf,,/Users/tenzinyonten/layer_detection/data/raw_opf/I1649804C.opf/I1649804C.opf/base/v001.txt
I197F351D,new,False,0,0,0,0,45310,0,0,0.0,,,0,0,0,0,0,no_tsawa_layer,,/Users/tenzinyonten/layer_detection/data/raw_opf/I197F351D.opf/I197F351D.opf,,/Users/tenzinyonten/layer_detection/data/raw_opf/I197F351D.opf/I197F351D.opf/base/v001.txt
I19A08A51,new,True,18,16,2,0,14897,3130,3130,21.010942,173.889,238.5,0,0,0,0,0,ok,,/Users/tenzinyonten/layer_detection/data/raw_opf/I19A08A51.opf/I19A08A51.opf,/Users/tenzinyonten/layer_detection/data/raw_opf/I19A08A51.opf/I19A08A51.opf/layers/v001/Tsawa.yml,/Users/tenzinyonten/layer_detection/data/raw_opf/I19A08A51.opf/I19A08A51.opf/base/v001.txt
I1CC06C39,new,False,0,0,0,0,135290,0,0,0.0,,,0,0,0,0,0,no_tsawa_layer,,/Users/tenzinyonten/layer_detection/data/raw_opf/I1CC06C39.opf/I1CC06C39.opf,,/Users/tenzinyonten/layer_detection/data/raw_opf/I1CC06C39.opf/I1CC06C39.opf/base/v001.txt
I1DCBD5CC,new,True,8,8,0,0,151607,879,879,0.579789,109.875,105.5,0,0,0,0,0,ok,,/Users/tenzinyonten/layer_detection/data/raw_opf/I1DCBD5CC.opf/I1DCBD5CC.opf,/Users/tenzinyonten/layer_detection/data/raw_opf/I1DCBD5CC.opf/I1DCBD5CC.opf/layers/v001/Tsawa.yml,/Users/tenzinyonten/layer_detection/data/raw_opf/I1DCBD5CC.opf/I1DCBD5CC.opf/base/v001.txt
I2133CA39,new,True,197,197,0,0,299998,31868,31868,10.622737,161.766,123.0,0,0,0,0,0,ok,,/Users/tenzinyonten/layer_detection/data/raw_opf/I2133CA39.opf/I2133CA39.opf,/Users/tenzinyonten/layer_detection/data/raw_opf/I2133CA39.opf/I2133CA39.opf/layers/v001/Tsawa.yml,/Users/tenzinyonten/layer_detection/data/raw_opf/I2133CA39.opf/I2133CA39.opf/base/v001.txt
I23323023,new,True,207,69,138,0,84969,24854,24854,29.250668,120.068,109.0,0,0,0,0,0,ok,,/Users/tenzinyonten/layer_detection/data/raw_opf/I23323023.opf/I23323023.opf,/Users/tenzinyonten/layer_detection/data/raw_opf/I23323023.opf/I23323023.opf/layers/v001/Tsawa.yml,/Users/tenzinyonten/layer_detection/data/raw_opf/I23323023.opf/I23323023.opf/base/v001.txt
I2342D649,new,False,0,0,0,0,453046,0,0,0.0,,,0,0,0,0,0,no_tsawa_layer,,/Users/tenzinyonten/layer_detection/data/raw_opf/I2342D649.opf/I2342D649.opf,,/Users/tenzinyonten/layer_detection/data/raw_opf/I2342D649.opf/I2342D649.opf/base/v001.txt
I24EDBDA0,new,False,0,0,0,0,559845,0,0,0.0,,,0,0,0,0,0,no_tsawa_layer,,/Users/tenzinyonten/layer_detection/data/raw_opf/I24EDBDA0.opf/I24EDBDA0.opf,,/Users/tenzinyonten/layer_detection/data/raw_opf/I24EDBDA0.opf/I24EDBDA0.opf/base/v001.txt
I2522EBB0,new,False,0,0,0,0,29975,0,0,0.0,,,0,0,0,0,0,no_tsawa_layer,,/Users/tenzinyonten/layer_detection/data/raw_opf/I2522EBB0.opf/I2522EBB0.opf,,/Users/tenzinyonten/layer_detection/data/raw_opf/I2522EBB0.opf/I2522EBB0.opf/base/v001.txt
I25463E37,new,True,156,29,127,0,162273,4806,4806,2.961676,30.808,29.5,0,0,0,0,0,ok,,/Users/tenzinyonten/layer_detection/data/raw_opf/I25463E37.opf/I25463E37.opf,/Users/tenzinyonten/layer_detection/data/raw_opf/I25463E37.opf/I25463E37.opf/layers/v001/Tsawa.yml,/Users/tenzinyonten/layer_detection/data/raw_opf/I25463E37.opf/I25463E37.opf/base/v001.txt
I2618C5EC,new,False,0,0,0,0,84690,0,0,0.0,,,0,0,0,0,0,no_tsawa_layer,,/Users/tenzinyonten/layer_detection/data/raw_opf/I2618C5EC.opf/I2618C5EC.opf,,/Users/tenzinyonten/layer_detection/data/raw_opf/I2618C5EC.opf/I2618C5EC.opf/base/v001.txt
I27E347E9,new,True,25,14,11,0,402984,3197,3197,0.793332,127.88,93.0,0,0,0,0,0,ok,,/Users/tenzinyonten/layer_detection/data/raw_opf/I27E347E9.opf/I27E347E9.opf,/Users/tenzinyonten/layer_detection/data/raw_opf/I27E347E9.opf/I27E347E9.opf/layers/v001/Tsawa.yml,/Users/tenzinyonten/layer_detection/data/raw_opf/I27E347E9.opf/I27E347E9.opf/base/v001.txt
I27F687A4,new,False,0,0,0,0,87045,0,0,0.0,,,0,0,0,0,0,no_tsawa_layer,,/Users/tenzinyonten/layer_detection/data/raw_opf/I27F687A4.opf/I27F687A4.opf,,/Users/tenzinyonten/layer_detection/data/raw_opf/I27F687A4.opf/I27F687A4.opf/base/v001.txt
I29CFF9F3,new,False,0,0,0,0,281600,0,0,0.0,,,0,0,0,0,0,no_tsawa_layer,,/Users/tenzinyonten/layer_detection/data/raw_opf/I29CFF9F3.opf/I29CFF9F3.opf,,/Users/tenzinyonten/layer_detection/data/raw_opf/I29CFF9F3.opf/I29CFF9F3.opf/base/v001.txt
I29E8AA65,new,False,0,0,0,0,270007,0,0,0.0,,,0,0,0,0,0,no_tsawa_layer,,/Users/tenzinyonten/layer_detection/data/raw_opf/I29E8AA65.opf/I29E8AA65.opf,,/Users/tenzinyonten/layer_detection/data/raw_opf/I29E8AA65.opf/I29E8AA65.opf/base/v001.txt
I2B02A144,new,False,0,0,0,0,560215,0,0,0.0,,,0,0,0,0,0,no_tsawa_layer,,/Users/tenzinyonten/layer_detection/data/raw_opf/I2B02A144.opf/I2B02A144.opf,,/Users/tenzinyonten/layer_detection/data/raw_opf/I2B02A144.opf/I2B02A144.opf/base/v001.txt
I2BC62A6F,new,False,0,0,0,0,177286,0,0,0.0,,,0,0,0,0,0,no_tsawa_layer,,/Users/tenzinyonten/layer_detection/data/raw_opf/I2BC62A6F.opf/I2BC62A6F.opf,,/Users/tenzinyonten/layer_detection/data/raw_opf/I2BC62A6F.opf/I2BC62A6F.opf/base/v001.txt
I2D0F4FAF,new,False,0,0,0,0,30011,0,0,0.0,,,0,0,0,0,0,no_tsawa_layer,,/Users/tenzinyonten/layer_detection/data/raw_opf/I2D0F4FAF.opf/I2D0F4FAF.opf,,/Users/tenzinyonten/layer_detection/data/raw_opf/I2D0F4FAF.opf/I2D0F4FAF.opf/base/v001.txt
I2D96E5C8,new,True,15,14,1,0,570550,2717,2717,0.476207,181.133,121.0,0,0,0,0,0,ok,,/Users/tenzinyonten/layer_detection/data/raw_opf/I2D96E5C8.opf/I2D96E5C8.opf,/Users/tenzinyonten/layer_detection/data/raw_opf/I2D96E5C8.opf/I2D96E5C8.opf/layers/v001/Tsawa.yml,/Users/tenzinyonten/layer_detection/data/raw_opf/I2D96E5C8.opf/I2D96E5C8.opf/base/v001.txt
I2E02CF4A,new,False,0,0,0,0,102690,0,0,0.0,,,0,0,0,0,0,no_tsawa_layer,,/Users/tenzinyonten/layer_detection/data/raw_opf/I2E02CF4A.opf/I2E02CF4A.opf,,/Users/tenzinyonten/layer_detection/data/raw_opf/I2E02CF4A.opf/I2E02CF4A.opf/base/v001.txt
I2E52374B,new,False,0,0,0,0,100711,0,0,0.0,,,0,0,0,0,0,no_tsawa_layer,,/Users/tenzinyonten/layer_detection/data/raw_opf/I2E52374B.opf/I2E52374B.opf,,/Users/tenzinyonten/layer_detection/data/raw_opf/I2E52374B.opf/I2E52374B.opf/base/v001.txt
I2EAAF38A,new,True,65,63,2,0,133233,7315,7315,5.490382,112.538,115.0,0,0,0,0,0,ok,,/Users/tenzinyonten/layer_detection/data/raw_opf/I2EAAF38A.opf/I2EAAF38A.opf,/Users/tenzinyonten/layer_detection/data/raw_opf/I2EAAF38A.opf/I2EAAF38A.opf/layers/v001/Tsawa.yml,/Users/tenzinyonten/layer_detection/data/raw_opf/I2EAAF38A.opf/I2EAAF38A.opf/base/v001.txt
I2F35E7CC,new,False,0,0,0,0,13464,0,0,0.0,,,0,0,0,0,0,no_tsawa_layer,,/Users/tenzinyonten/layer_detection/data/raw_opf/I2F35E7CC.opf/I2F35E7CC.opf,,/Users/tenzinyonten/layer_detection/data/raw_opf/I2F35E7CC.opf/I2F35E7CC.opf/base/v001.txt
I2FCD4B1D,new,True,2,2,0,0,674216,343,343,0.050874,171.5,171.5,0,0,0,0,0,ok,,/Users/tenzinyonten/layer_detection/data/raw_opf/I2FCD4B1D.opf/I2FCD4B1D.opf,/Users/tenzinyonten/layer_detection/data/raw_opf/I2FCD4B1D.opf/I2FCD4B1D.opf/layers/v001/Tsawa.yml,/Users/tenzinyonten/layer_detection/data/raw_opf/I2FCD4B1D.opf/I2FCD4B1D.opf/base/v001.txt
I319DAFF7,new,True,18,16,2,0,6503,2317,2317,35.629709,128.722,156.5,0,0,0,0,0,ok,,/Users/tenzinyonten/layer_detection/data/raw_opf/I319DAFF7.opf/I319DAFF7.opf,/Users/tenzinyonten/layer_detection/data/raw_opf/I319DAFF7.opf/I319DAFF7.opf/layers/v001/Tsawa.yml,/Users/tenzinyonten/layer_detection/data/raw_opf/I319DAFF7.opf/I319DAFF7.opf/base/v001.txt
I31F3338B,new,False,0,0,0,0,12232,0,0,0.0,,,0,0,0,0,0,no_tsawa_layer,,/Users/tenzinyonten/layer_detection/data/raw_opf/I31F3338B.opf/I31F3338B.opf,,/Users/tenzinyonten/layer_detection/data/raw_opf/I31F3338B.opf/I31F3338B.opf/base/v001.txt
I32431963,new,False,0,0,0,0,21239,0,0,0.0,,,0,0,0,0,0,no_tsawa_layer,,/Users/tenzinyonten/layer_detection/data/raw_opf/I32431963.opf/I32431963.opf,,/Users/tenzinyonten/layer_detection/data/raw_opf/I32431963.opf/I32431963.opf/base/v001.txt
I330D366C,new,False,0,0,0,0,129105,0,0,0.0,,,0,0,0,0,0,no_tsawa_layer,,/Users/tenzinyonten/layer_detection/data/raw_opf/I330D366C.opf/I330D366C.opf,,/Users/tenzinyonten/layer_detection/data/raw_opf/I330D366C.opf/I330D366C.opf/base/v001.txt
I33763376,new,False,0,0,0,0,111066,0,0,0.0,,,0,0,0,0,0,no_tsawa_layer,,/Users/tenzinyonten/layer_detection/data/raw_opf/I33763376.opf/I33763376.opf,,/Users/tenzinyonten/layer_detection/data/raw_opf/I33763376.opf/I33763376.opf/base/v001.txt
I340B9EC1,new,False,0,0,0,0,30365,0,0,0.0,,,0,0,0,0,0,no_tsawa_layer,,/Users/tenzinyonten/layer_detection/data/raw_opf/I340B9EC1.opf/I340B9EC1.opf,,/Users/tenzinyonten/layer_detection/data/raw_opf/I340B9EC1.opf/I340B9EC1.opf/base/v001.txt
I344D2A4C,new,True,4,0,4,0,14162,185,185,1.306313,46.25,56.5,0,0,0,0,0,ok,,/Users/tenzinyonten/layer_detection/data/raw_opf/I344D2A4C.opf/I344D2A4C.opf,/Users/tenzinyonten/layer_detection/data/raw_opf/I344D2A4C.opf/I344D2A4C.opf/layers/v001/Tsawa.yml,/Users/tenzinyonten/layer_detection/data/raw_opf/I344D2A4C.opf/I344D2A4C.opf/base/v001.txt
I3495B87B,new,False,0,0,0,0,15228,0,0,0.0,,,0,0,0,0,0,no_tsawa_layer,,/Users/tenzinyonten/layer_detection/data/raw_opf/I3495B87B.opf/I3495B87B.opf,,/Users/tenzinyonten/layer_detection/data/raw_opf/I3495B87B.opf/I3495B87B.opf/base/v001.txt
I36A7A668,new,True,84,82,2,0,360191,10195,10195,2.830443,121.369,119.0,0,0,0,0,0,ok,,/Users/tenzinyonten/layer_detection/data/raw_opf/I36A7A668.opf/I36A7A668.opf,/Users/tenzinyonten/layer_detection/data/raw_opf/I36A7A668.opf/I36A7A668.opf/layers/v001/Tsawa.yml,/Users/tenzinyonten/layer_detection/data/raw_opf/I36A7A668.opf/I36A7A668.opf/base/v001.txt
I3B871A64,new,False,0,0,0,0,26690,0,0,0.0,,,0,0,0,0,0,no_tsawa_layer,,/Users/tenzinyonten/layer_detection/data/raw_opf/I3B871A64.opf/I3B871A64.opf,,/Users/tenzinyonten/layer_detection/data/raw_opf/I3B871A64.opf/I3B871A64.opf/base/v001.txt
I3D257F64,new,False,0,0,0,0,160319,0,0,0.0,,,0,0,0,0,0,no_tsawa_layer,,/Users/tenzinyonten/layer_detection/data/raw_opf/I3D257F64.opf/I3D257F64.opf,,/Users/tenzinyonten/layer_detection/data/raw_opf/I3D257F64.opf/I3D257F64.opf/base/v001.txt
I3D6910F9,new,False,0,0,0,0,147301,0,0,0.0,,,0,0,0,0,0,no_tsawa_layer,,/Users/tenzinyonten/layer_detection/data/raw_opf/I3D6910F9.opf/I3D6910F9.opf,,/Users/tenzinyonten/layer_detection/data/raw_opf/I3D6910F9.opf/I3D6910F9.opf/base/v001.txt
I3F4A91F5,new,True,58,56,2,0,330806,5273,5273,1.593986,90.914,78.0,0,0,0,0,0,ok,,/Users/tenzinyonten/layer_detection/data/raw_opf/I3F4A91F5.opf/I3F4A91F5.opf,/Users/tenzinyonten/layer_detection/data/raw_opf/I3F4A91F5.opf/I3F4A91F5.opf/layers/v001/Tsawa.yml,/Users/tenzinyonten/layer_detection/data/raw_opf/I3F4A91F5.opf/I3F4A91F5.opf/base/v001.txt
I40E5024E,new,True,45,41,4,0,198256,6905,6905,3.482871,153.444,153.0,0,0,0,0,0,ok,,/Users/tenzinyonten/layer_detection/data/raw_opf/I40E5024E.opf/I40E5024E.opf,/Users/tenzinyonten/layer_detection/data/raw_opf/I40E5024E.opf/I40E5024E.opf/layers/v001/Tsawa.yml,/Users/tenzinyonten/layer_detection/data/raw_opf/I40E5024E.opf/I40E5024E.opf/base/v001.txt
I41DA990D,new,False,0,0,0,0,20983,0,0,0.0,,,0,0,0,0,0,no_tsawa_layer,,/Users/tenzinyonten/layer_detection/data/raw_opf/I41DA990D.opf/I41DA990D.opf,,/Users/tenzinyonten/layer_detection/data/raw_opf/I41DA990D.opf/I41DA990D.opf/base/v001.txt
I4232A561,new,False,0,0,0,0,25678,0,0,0.0,,,0,0,0,0,0,no_tsawa_layer,,/Users/tenzinyonten/layer_detection/data/raw_opf/I4232A561.opf/I4232A561.opf,,/Users/tenzinyonten/layer_detection/data/raw_opf/I4232A561.opf/I4232A561.opf/base/v001.txt
I43575A14,new,False,0,0,0,0,64884,0,0,0.0,,,0,0,0,0,0,no_tsawa_layer,,/Users/tenzinyonten/layer_detection/data/raw_opf/I43575A14.opf/I43575A14.opf,,/Users/tenzinyonten/layer_detection/data/raw_opf/I43575A14.opf/I43575A14.opf/base/v001.txt
I44B84506,new,False,0,0,0,0,209052,0,0,0.0,,,0,0,0,0,0,no_tsawa_layer,,/Users/tenzinyonten/layer_detection/data/raw_opf/I44B84506.opf/I44B84506.opf,,/Users/tenzinyonten/layer_detection/data/raw_opf/I44B84506.opf/I44B84506.opf/base/v001.txt
I45222122,new,False,0,0,0,0,292571,0,0,0.0,,,0,0,0,0,0,no_tsawa_layer,,/Users/tenzinyonten/layer_detection/data/raw_opf/I45222122.opf/I45222122.opf,,/Users/tenzinyonten/layer_detection/data/raw_opf/I45222122.opf/I45222122.opf/base/v001.txt
I454D2699,new,True,46,46,0,0,78275,12304,12304,15.71894,267.478,102.5,0,0,0,0,0,ok,,/Users/tenzinyonten/layer_detection/data/raw_opf/I454D2699.opf/I454D2699.opf,/Users/tenzinyonten/layer_detection/data/raw_opf/I454D2699.opf/I454D2699.opf/layers/v001/Tsawa.yml,/Users/tenzinyonten/layer_detection/data/raw_opf/I454D2699.opf/I454D2699.opf/base/v001.txt
I4A6AC1AA,new,False,0,0,0,0,28737,0,0,0.0,,,0,0,0,0,0,no_tsawa_layer,,/Users/tenzinyonten/layer_detection/data/raw_opf/I4A6AC1AA.opf/I4A6AC1AA.opf,,/Users/tenzinyonten/layer_detection/data/raw_opf/I4A6AC1AA.opf/I4A6AC1AA.opf/base/v001.txt
I4ABDA91A,new,False,0,0,0,0,521338,0,0,0.0,,,0,0,0,0,0,no_tsawa_layer,,/Users/tenzinyonten/layer_detection/data/raw_opf/I4ABDA91A.opf/I4ABDA91A.opf,,/Users/tenzinyonten/layer_detection/data/raw_opf/I4ABDA91A.opf/I4ABDA91A.opf/base/v001.txt
I4B1806B4,new,True,69,68,1,0,204827,16406,16406,8.009686,237.768,194.0,0,0,0,0,0,ok,,/Users/tenzinyonten/layer_detection/data/raw_opf/I4B1806B4.opf/I4B1806B4.opf,/Users/tenzinyonten/layer_detection/data/raw_opf/I4B1806B4.opf/I4B1806B4.opf/layers/v001/Tsawa.yml,/Users/tenzinyonten/layer_detection/data/raw_opf/I4B1806B4.opf/I4B1806B4.opf/base/v001.txt
I4BECA32D,new,False,0,0,0,0,281933,0,0,0.0,,,0,0,0,0,0,no_tsawa_layer,,/Users/tenzinyonten/layer_detection/data/raw_opf/I4BECA32D.opf/I4BECA32D.opf,,/Users/tenzinyonten/layer_detection/data/raw_opf/I4BECA32D.opf/I4BECA32D.opf/base/v001.txt
I4C242C84,new,False,0,0,0,0,487134,0,0,0.0,,,0,0,0,0,0,no_tsawa_layer,,/Users/tenzinyonten/layer_detection/data/raw_opf/I4C242C84.opf/I4C242C84.opf,,/Users/tenzinyonten/layer_detection/data/raw_opf/I4C242C84.opf/I4C242C84.opf/base/v001.txt
I4CAE7B8B,new,True,152,143,9,0,260997,33015,33015,12.649571,217.204,149.0,0,0,0,0,0,ok,,/Users/tenzinyonten/layer_detection/data/raw_opf/I4CAE7B8B.opf/I4CAE7B8B.opf,/Users/tenzinyonten/layer_detection/data/raw_opf/I4CAE7B8B.opf/I4CAE7B8B.opf/layers/v001/Tsawa.yml,/Users/tenzinyonten/layer_detection/data/raw_opf/I4CAE7B8B.opf/I4CAE7B8B.opf/base/v001.txt
I4DFE9067,new,False,0,0,0,0,78679,0,0,0.0,,,0,0,0,0,0,no_tsawa_layer,,/Users/tenzinyonten/layer_detection/data/raw_opf/I4DFE9067.opf/I4DFE9067.opf,,/Users/tenzinyonten/layer_detection/data/raw_opf/I4DFE9067.opf/I4DFE9067.opf/base/v001.txt
I4E0DAA7C,new,False,0,0,0,0,193815,0,0,0.0,,,0,0,0,0,0,no_tsawa_layer,,/Users/tenzinyonten/layer_detection/data/raw_opf/I4E0DAA7C.opf/I4E0DAA7C.opf,,/Users/tenzinyonten/layer_detection/data/raw_opf/I4E0DAA7C.opf/I4E0DAA7C.opf/base/v001.txt
I4EE8C636,new,False,0,0,0,0,407949,0,0,0.0,,,0,0,0,0,0,no_tsawa_layer,,/Users/tenzinyonten/layer_detection/data/raw_opf/I4EE8C636.opf/I4EE8C636.opf,,/Users/tenzinyonten/layer_detection/data/raw_opf/I4EE8C636.opf/I4EE8C636.opf/base/v001.txt
I4FABF1F8,new,True,11,10,1,0,247608,1450,1450,0.585603,131.818,146.0,0,0,0,0,0,ok,,/Users/tenzinyonten/layer_detection/data/raw_opf/I4FABF1F8.opf/I4FABF1F8.opf,/Users/tenzinyonten/layer_detection/data/raw_opf/I4FABF1F8.opf/I4FABF1F8.opf/layers/v001/Tsawa.yml,/Users/tenzinyonten/layer_detection/data/raw_opf/I4FABF1F8.opf/I4FABF1F8.opf/base/v001.txt
I4FD99A33,new,True,79,77,2,0,293101,4267,4267,1.455812,54.013,29.0,0,0,0,0,0,ok,,/Users/tenzinyonten/layer_detection/data/raw_opf/I4FD99A33.opf/I4FD99A33.opf,/Users/tenzinyonten/layer_detection/data/raw_opf/I4FD99A33.opf/I4FD99A33.opf/layers/v001/Tsawa.yml,/Users/tenzinyonten/layer_detection/data/raw_opf/I4FD99A33.opf/I4FD99A33.opf/base/v001.txt
I4FDF07E7,new,True,55,54,1,0,10399,4972,4972,47.81229,90.4,77.0,0,0,0,0,0,ok,,/Users/tenzinyonten/layer_detection/data/raw_opf/I4FDF07E7.opf/I4FDF07E7.opf,/Users/tenzinyonten/layer_detection/data/raw_opf/I4FDF07E7.opf/I4FDF07E7.opf/layers/v001/Tsawa.yml,/Users/tenzinyonten/layer_detection/data/raw_opf/I4FDF07E7.opf/I4FDF07E7.opf/base/v001.txt
I5048861E,new,True,3,1,2,0,26999,164,164,0.60743,54.667,25.0,0,0,0,0,0,ok,,/Users/tenzinyonten/layer_detection/data/raw_opf/I5048861E.opf/I5048861E.opf,/Users/tenzinyonten/layer_detection/data/raw_opf/I5048861E.opf/I5048861E.opf/layers/v001/Tsawa.yml,/Users/tenzinyonten/layer_detection/data/raw_opf/I5048861E.opf/I5048861E.opf/base/v001.txt
I5134B437,new,True,219,213,6,0,336701,15404,15404,4.574979,70.338,61.0,0,0,0,0,0,ok,,/Users/tenzinyonten/layer_detection/data/raw_opf/I5134B437.opf/I5134B437.opf,/Users/tenzinyonten/layer_detection/data/raw_opf/I5134B437.opf/I5134B437.opf/layers/v001/Tsawa.yml,/Users/tenzinyonten/layer_detection/data/raw_opf/I5134B437.opf/I5134B437.opf/base/v001.txt
I518A01A8,new,False,0,0,0,0,290789,0,0,0.0,,,0,0,0,0,0,no_tsawa_layer,,/Users/tenzinyonten/layer_detection/data/raw_opf/I518A01A8.opf/I518A01A8.opf,,/Users/tenzinyonten/layer_detection/data/raw_opf/I518A01A8.opf/I518A01A8.opf/base/v001.txt
I51B9FE5F,new,True,1,1,0,0,256065,145,145,0.056626,145.0,145.0,0,0,0,0,0,ok,,/Users/tenzinyonten/layer_detection/data/raw_opf/I51B9FE5F.opf/I51B9FE5F.opf,/Users/tenzinyonten/layer_detection/data/raw_opf/I51B9FE5F.opf/I51B9FE5F.opf/layers/v001/Tsawa.yml,/Users/tenzinyonten/layer_detection/data/raw_opf/I51B9FE5F.opf/I51B9FE5F.opf/base/v001.txt
I52248444,new,True,2,0,2,0,234035,94,94,0.040165,47.0,47.0,0,0,0,0,0,ok,,/Users/tenzinyonten/layer_detection/data/raw_opf/I52248444.opf/I52248444.opf,/Users/tenzinyonten/layer_detection/data/raw_opf/I52248444.opf/I52248444.opf/layers/v001/Tsawa.yml,/Users/tenzinyonten/layer_detection/data/raw_opf/I52248444.opf/I52248444.opf/base/v001.txt
I52F33C02,new,False,0,0,0,0,279669,0,0,0.0,,,0,0,0,0,0,no_tsawa_layer,,/Users/tenzinyonten/layer_detection/data/raw_opf/I52F33C02.opf/I52F33C02.opf,,/Users/tenzinyonten/layer_detection/data/raw_opf/I52F33C02.opf/I52F33C02.opf/base/v001.txt
I54375004,new,False,0,0,0,0,111178,0,0,0.0,,,0,0,0,0,0,no_tsawa_layer,,/Users/tenzinyonten/layer_detection/data/raw_opf/I54375004.opf/I54375004.opf,,/Users/tenzinyonten/layer_detection/data/raw_opf/I54375004.opf/I54375004.opf/base/v001.txt
I55D7A55C,new,False,0,0,0,0,30274,0,0,0.0,,,0,0,0,0,0,no_tsawa_layer,,/Users/tenzinyonten/layer_detection/data/raw_opf/I55D7A55C.opf/I55D7A55C.opf,,/Users/tenzinyonten/layer_detection/data/raw_opf/I55D7A55C.opf/I55D7A55C.opf/base/v001.txt
I55E4B626,new,False,0,0,0,0,11441,0,0,0.0,,,0,0,0,0,0,no_tsawa_layer,,/Users/tenzinyonten/layer_detection/data/raw_opf/I55E4B626.opf/I55E4B626.opf,,/Users/tenzinyonten/layer_detection/data/raw_opf/I55E4B626.opf/I55E4B626.opf/base/v001.txt
I575514A8,new,True,33,33,0,0,55550,3379,3379,6.082808,102.394,77.0,0,0,0,0,0,ok,,/Users/tenzinyonten/layer_detection/data/raw_opf/I575514A8.opf/I575514A8.opf,/Users/tenzinyonten/layer_detection/data/raw_opf/I575514A8.opf/I575514A8.opf/layers/v001/Tsawa.yml,/Users/tenzinyonten/layer_detection/data/raw_opf/I575514A8.opf/I575514A8.opf/base/v001.txt
I577D1677,new,False,0,0,0,0,37932,0,0,0.0,,,0,0,0,0,0,no_tsawa_layer,,/Users/tenzinyonten/layer_detection/data/raw_opf/I577D1677.opf/I577D1677.opf,,/Users/tenzinyonten/layer_detection/data/raw_opf/I577D1677.opf/I577D1677.opf/base/v001.txt
I57BB7B28,new,False,0,0,0,0,583830,0,0,0.0,,,0,0,0,0,0,no_tsawa_layer,,/Users/tenzinyonten/layer_detection/data/raw_opf/I57BB7B28.opf/I57BB7B28.opf,,/Users/tenzinyonten/layer_detection/data/raw_opf/I57BB7B28.opf/I57BB7B28.opf/base/v001.txt
I587B7DED,new,True,46,46,0,0,22518,5155,5155,22.892797,112.065,113.0,0,0,0,0,0,ok,,/Users/tenzinyonten/layer_detection/data/raw_opf/I587B7DED.opf/I587B7DED.opf,/Users/tenzinyonten/layer_detection/data/raw_opf/I587B7DED.opf/I587B7DED.opf/layers/v001/Tsawa.yml,/Users/tenzinyonten/layer_detection/data/raw_opf/I587B7DED.opf/I587B7DED.opf/base/v001.txt
I58E33EFF,new,False,0,0,0,0,12033,0,0,0.0,,,0,0,0,0,0,no_tsawa_layer,,/Users/tenzinyonten/layer_detection/data/raw_opf/I58E33EFF.opf/I58E33EFF.opf,,/Users/tenzinyonten/layer_detection/data/raw_opf/I58E33EFF.opf/I58E33EFF.opf/base/v001.txt
I5AEEE5CA,new,False,0,0,0,0,499234,0,0,0.0,,,0,0,0,0,0,no_tsawa_layer,,/Users/tenzinyonten/layer_detection/data/raw_opf/I5AEEE5CA.opf/I5AEEE5CA.opf,,/Users/tenzinyonten/layer_detection/data/raw_opf/I5AEEE5CA.opf/I5AEEE5CA.opf/base/v001.txt
I5BFCBB3F,new,True,2,0,2,0,17335,52,52,0.299971,26.0,26.0,0,0,0,0,0,ok,,/Users/tenzinyonten/layer_detection/data/raw_opf/I5BFCBB3F.opf/I5BFCBB3F.opf,/Users/tenzinyonten/layer_detection/data/raw_opf/I5BFCBB3F.opf/I5BFCBB3F.opf/layers/v001/Tsawa.yml,/Users/tenzinyonten/layer_detection/data/raw_opf/I5BFCBB3F.opf/I5BFCBB3F.opf/base/v001.txt
I5F5D9F5A,new,True,3,1,2,0,156989,446,446,0.284096,148.667,128.0,0,0,0,0,0,ok,,/Users/tenzinyonten/layer_detection/data/raw_opf/I5F5D9F5A.opf/I5F5D9F5A.opf,/Users/tenzinyonten/layer_detection/data/raw_opf/I5F5D9F5A.opf/I5F5D9F5A.opf/layers/v001/Tsawa.yml,/Users/tenzinyonten/layer_detection/data/raw_opf/I5F5D9F5A.opf/I5F5D9F5A.opf/base/v001.txt
I60D0ED54,new,True,2,0,2,0,21161,84,84,0.396957,42.0,42.0,0,0,0,0,0,ok,,/Users/tenzinyonten/layer_detection/data/raw_opf/I60D0ED54.opf/I60D0ED54.opf,/Users/tenzinyonten/layer_detection/data/raw_opf/I60D0ED54.opf/I60D0ED54.opf/layers/v001/Tsawa.yml,/Users/tenzinyonten/layer_detection/data/raw_opf/I60D0ED54.opf/I60D0ED54.opf/base/v001.txt
I617FDD1E,new,True,10,9,1,0,3076,734,734,23.862159,73.4,62.0,0,0,0,0,0,ok,,/Users/tenzinyonten/layer_detection/data/raw_opf/I617FDD1E.opf/I617FDD1E.opf,/Users/tenzinyonten/layer_detection/data/raw_opf/I617FDD1E.opf/I617FDD1E.opf/layers/v001/Tsawa.yml,/Users/tenzinyonten/layer_detection/data/raw_opf/I617FDD1E.opf/I617FDD1E.opf/base/v001.txt
I6193773E,new,False,0,0,0,0,38378,0,0,0.0,,,0,0,0,0,0,no_tsawa_layer,,/Users/tenzinyonten/layer_detection/data/raw_opf/I6193773E.opf/I6193773E.opf,,/Users/tenzinyonten/layer_detection/data/raw_opf/I6193773E.opf/I6193773E.opf/base/v001.txt
I61AB8DA8,new,False,0,0,0,0,244959,0,0,0.0,,,0,0,0,0,0,no_tsawa_layer,,/Users/tenzinyonten/layer_detection/data/raw_opf/I61AB8DA8.opf/I61AB8DA8.opf,,/Users/tenzinyonten/layer_detection/data/raw_opf/I61AB8DA8.opf/I61AB8DA8.opf/base/v001.txt
I62D7430C,new,True,58,58,0,0,28689,7410,7410,25.828715,127.759,118.0,0,0,0,0,0,ok,,/Users/tenzinyonten/layer_detection/data/raw_opf/I62D7430C.opf/I62D7430C.opf,/Users/tenzinyonten/layer_detection/data/raw_opf/I62D7430C.opf/I62D7430C.opf/layers/v001/Tsawa.yml,/Users/tenzinyonten/layer_detection/data/raw_opf/I62D7430C.opf/I62D7430C.opf/base/v001.txt
I6380CEC4,new,True,2,0,2,0,413240,80,80,0.019359,40.0,40.0,0,0,0,0,0,ok,,/Users/tenzinyonten/layer_detection/data/raw_opf/I6380CEC4.opf/I6380CEC4.opf,/Users/tenzinyonten/layer_detection/data/raw_opf/I6380CEC4.opf/I6380CEC4.opf/layers/v001/Tsawa.yml,/Users/tenzinyonten/layer_detection/data/raw_opf/I6380CEC4.opf/I6380CEC4.opf/base/v001.txt
I64B5DDDD,new,False,0,0,0,0,166926,0,0,0.0,,,0,0,0,0,0,no_tsawa_layer,,/Users/tenzinyonten/layer_detection/data/raw_opf/I64B5DDDD.opf/I64B5DDDD.opf,,/Users/tenzinyonten/layer_detection/data/raw_opf/I64B5DDDD.opf/I64B5DDDD.opf/base/v001.txt
I6A834445,new,False,0,0,0,0,58032,0,0,0.0,,,0,0,0,0,0,no_tsawa_layer,,/Users/tenzinyonten/layer_detection/data/raw_opf/I6A834445.opf/I6A834445.opf,,/Users/tenzinyonten/layer_detection/data/raw_opf/I6A834445.opf/I6A834445.opf/base/v001.txt
I6D11E414,new,True,807,0,807,0,273482,22599,22599,8.263432,28.004,27.0,0,0,0,0,0,ok,,/Users/tenzinyonten/layer_detection/data/raw_opf/I6D11E414.opf/I6D11E414.opf,/Users/tenzinyonten/layer_detection/data/raw_opf/I6D11E414.opf/I6D11E414.opf/layers/v001/Tsawa.yml,/Users/tenzinyonten/layer_detection/data/raw_opf/I6D11E414.opf/I6D11E414.opf/base/v001.txt
I6D4C317A,new,False,0,0,0,0,101431,0,0,0.0,,,0,0,0,0,0,no_tsawa_layer,,/Users/tenzinyonten/layer_detection/data/raw_opf/I6D4C317A.opf/I6D4C317A.opf,,/Users/tenzinyonten/layer_detection/data/raw_opf/I6D4C317A.opf/I6D4C317A.opf/base/v001.txt
I6EFF9668,new,True,8,6,2,0,60112,821,821,1.365784,102.625,116.0,0,0,0,0,0,ok,,/Users/tenzinyonten/layer_detection/data/raw_opf/I6EFF9668.opf/I6EFF9668.opf,/Users/tenzinyonten/layer_detection/data/raw_opf/I6EFF9668.opf/I6EFF9668.opf/layers/v001/Tsawa.yml,/Users/tenzinyonten/layer_detection/data/raw_opf/I6EFF9668.opf/I6EFF9668.opf/base/v001.txt
I6F43CD1F,new,True,1,0,1,0,14830,254,254,1.712744,254.0,254.0,0,0,0,0,0,ok,,/Users/tenzinyonten/layer_detection/data/raw_opf/I6F43CD1F.opf/I6F43CD1F.opf,/Users/tenzinyonten/layer_detection/data/raw_opf/I6F43CD1F.opf/I6F43CD1F.opf/layers/v001/Tsawa.yml,/Users/tenzinyonten/layer_detection/data/raw_opf/I6F43CD1F.opf/I6F43CD1F.opf/base/v001.txt
I6F70ED49,new,False,0,0,0,0,711926,0,0,0.0,,,0,0,0,0,0,no_tsawa_layer,,/Users/tenzinyonten/layer_detection/data/raw_opf/I6F70ED49.opf/I6F70ED49.opf,,/Users/tenzinyonten/layer_detection/data/raw_opf/I6F70ED49.opf/I6F70ED49.opf/base/v001.txt
I74772DFF,new,True,7,3,4,0,189248,1516,1516,0.801065,216.571,42.0,0,0,0,0,0,ok,,/Users/tenzinyonten/layer_detection/data/raw_opf/I74772DFF.opf/I74772DFF.opf,/Users/tenzinyonten/layer_detection/data/raw_opf/I74772DFF.opf/I74772DFF.opf/layers/v001/Tsawa.yml,/Users/tenzinyonten/layer_detection/data/raw_opf/I74772DFF.opf/I74772DFF.opf/base/v001.txt
I750EAEE8,new,False,0,0,0,0,29488,0,0,0.0,,,0,0,0,0,0,no_tsawa_layer,,/Users/tenzinyonten/layer_detection/data/raw_opf/I750EAEE8.opf/I750EAEE8.opf,,/Users/tenzinyonten/layer_detection/data/raw_opf/I750EAEE8.opf/I750EAEE8.opf/base/v001.txt
I786395B4,new,True,5,5,0,0,64332,1029,1029,1.599515,205.8,122.0,0,0,0,0,0,ok,,/Users/tenzinyonten/layer_detection/data/raw_opf/I786395B4.opf/I786395B4.opf,/Users/tenzinyonten/layer_detection/data/raw_opf/I786395B4.opf/I786395B4.opf/layers/v001/Tsawa.yml,/Users/tenzinyonten/layer_detection/data/raw_opf/I786395B4.opf/I786395B4.opf/base/v001.txt
I78C84F85,new,False,0,0,0,0,85602,0,0,0.0,,,0,0,0,0,0,no_tsawa_layer,,/Users/tenzinyonten/layer_detection/data/raw_opf/I78C84F85.opf/I78C84F85.opf,,/Users/tenzinyonten/layer_detection/data/raw_opf/I78C84F85.opf/I78C84F85.opf/base/v001.txt
I7989272E,new,False,0,0,0,0,101174,0,0,0.0,,,0,0,0,0,0,no_tsawa_layer,,/Users/tenzinyonten/layer_detection/data/raw_opf/I7989272E.opf/I7989272E.opf,,/Users/tenzinyonten/layer_detection/data/raw_opf/I7989272E.opf/I7989272E.opf/base/v001.txt
I79F57A79,new,False,0,0,0,0,160644,0,0,0.0,,,0,0,0,0,0,no_tsawa_layer,,/Users/tenzinyonten/layer_detection/data/raw_opf/I79F57A79.opf/I79F57A79.opf,,/Users/tenzinyonten/layer_detection/data/raw_opf/I79F57A79.opf/I79F57A79.opf/base/v001.txt
I7A79CC95,new,False,0,0,0,0,739853,0,0,0.0,,,0,0,0,0,0,no_tsawa_layer,,/Users/tenzinyonten/layer_detection/data/raw_opf/I7A79CC95.opf/I7A79CC95.opf,,/Users/tenzinyonten/layer_detection/data/raw_opf/I7A79CC95.opf/I7A79CC95.opf/base/v001.txt
I7C0B99BB,new,False,0,0,0,0,119011,0,0,0.0,,,0,0,0,0,0,no_tsawa_layer,,/Users/tenzinyonten/layer_detection/data/raw_opf/I7C0B99BB.opf/I7C0B99BB.opf,,/Users/tenzinyonten/layer_detection/data/raw_opf/I7C0B99BB.opf/I7C0B99BB.opf/base/v001.txt
I7D476A8B,new,True,39,39,0,0,256893,6689,6689,2.603808,171.513,115.0,0,0,0,0,0,ok,,/Users/tenzinyonten/layer_detection/data/raw_opf/I7D476A8B.opf/I7D476A8B.opf,/Users/tenzinyonten/layer_detection/data/raw_opf/I7D476A8B.opf/I7D476A8B.opf/layers/v001/Tsawa.yml,/Users/tenzinyonten/layer_detection/data/raw_opf/I7D476A8B.opf/I7D476A8B.opf/base/v001.txt
I7F5F640A,new,False,0,0,0,0,48342,0,0,0.0,,,0,0,0,0,0,no_tsawa_layer,,/Users/tenzinyonten/layer_detection/data/raw_opf/I7F5F640A.opf/I7F5F640A.opf,,/Users/tenzinyonten/layer_detection/data/raw_opf/I7F5F640A.opf/I7F5F640A.opf/base/v001.txt
I8006C360,new,False,0,0,0,0,66302,0,0,0.0,,,0,0,0,0,0,no_tsawa_layer,,/Users/tenzinyonten/layer_detection/data/raw_opf/I8006C360.opf/I8006C360.opf,,/Users/tenzinyonten/layer_detection/data/raw_opf/I8006C360.opf/I8006C360.opf/base/v001.txt
I8062BDF5,new,True,2,0,2,0,24579,109,109,0.443468,54.5,54.5,0,0,0,0,0,ok,,/Users/tenzinyonten/layer_detection/data/raw_opf/I8062BDF5.opf/I8062BDF5.opf,/Users/tenzinyonten/layer_detection/data/raw_opf/I8062BDF5.opf/I8062BDF5.opf/layers/v001/Tsawa.yml,/Users/tenzinyonten/layer_detection/data/raw_opf/I8062BDF5.opf/I8062BDF5.opf/base/v001.txt
I8222749E,new,False,0,0,0,0,15892,0,0,0.0,,,0,0,0,0,0,no_tsawa_layer,,/Users/tenzinyonten/layer_detection/data/raw_opf/I8222749E.opf/I8222749E.opf,,/Users/tenzinyonten/layer_detection/data/raw_opf/I8222749E.opf/I8222749E.opf/base/v001.txt
I82AB29CD,new,False,0,0,0,0,19991,0,0,0.0,,,0,0,0,0,0,no_tsawa_layer,,/Users/tenzinyonten/layer_detection/data/raw_opf/I82AB29CD.opf/I82AB29CD.opf,,/Users/tenzinyonten/layer_detection/data/raw_opf/I82AB29CD.opf/I82AB29CD.opf/base/v001.txt
I849C345E,new,True,3,3,0,0,234862,791,791,0.336794,263.667,311.0,0,0,0,0,0,ok,,/Users/tenzinyonten/layer_detection/data/raw_opf/I849C345E.opf/I849C345E.opf,/Users/tenzinyonten/layer_detection/data/raw_opf/I849C345E.opf/I849C345E.opf/layers/v001/Tsawa.yml,/Users/tenzinyonten/layer_detection/data/raw_opf/I849C345E.opf/I849C345E.opf/base/v001.txt
I85485484,new,True,1,1,0,0,5985,160,160,2.67335,160.0,160.0,0,0,0,0,0,ok,,/Users/tenzinyonten/layer_detection/data/raw_opf/I85485484.opf/I85485484.opf,/Users/tenzinyonten/layer_detection/data/raw_opf/I85485484.opf/I85485484.opf/layers/v001/Tsawa.yml,/Users/tenzinyonten/layer_detection/data/raw_opf/I85485484.opf/I85485484.opf/base/v001.txt
I85C28EDA,new,True,6,6,0,0,167221,2397,2397,1.433432,399.5,326.5,0,0,0,0,0,ok,,/Users/tenzinyonten/layer_detection/data/raw_opf/I85C28EDA.opf/I85C28EDA.opf,/Users/tenzinyonten/layer_detection/data/raw_opf/I85C28EDA.opf/I85C28EDA.opf/layers/v001/Tsawa.yml,/Users/tenzinyonten/layer_detection/data/raw_opf/I85C28EDA.opf/I85C28EDA.opf/base/v001.txt
I8698A1DF,new,True,156,154,2,0,96422,9565,9565,9.919935,61.314,30.0,0,0,0,0,0,ok,,/Users/tenzinyonten/layer_detection/data/raw_opf/I8698A1DF.opf/I8698A1DF.opf,/Users/tenzinyonten/layer_detection/data/raw_opf/I8698A1DF.opf/I8698A1DF.opf/layers/v001/Tsawa.yml,/Users/tenzinyonten/layer_detection/data/raw_opf/I8698A1DF.opf/I8698A1DF.opf/base/v001.txt
I86E4558F,new,False,0,0,0,0,100958,0,0,0.0,,,0,0,0,0,0,no_tsawa_layer,,/Users/tenzinyonten/layer_detection/data/raw_opf/I86E4558F.opf/I86E4558F.opf,,/Users/tenzinyonten/layer_detection/data/raw_opf/I86E4558F.opf/I86E4558F.opf/base/v001.txt
I881A57E8,new,True,1746,86,1660,0,123453,29147,29147,23.609795,16.703,8.0,1,0,0,0,0,ok,,/Users/tenzinyonten/layer_detection/data/raw_opf/I881A57E8.opf/I881A57E8.opf,/Users/tenzinyonten/layer_detection/data/raw_opf/I881A57E8.opf/I881A57E8.opf/layers/v001/Tsawa.yml,/Users/tenzinyonten/layer_detection/data/raw_opf/I881A57E8.opf/I881A57E8.opf/base/v001.txt
I88977D82,new,True,32,32,0,0,244713,7245,7245,2.960611,226.406,189.0,0,0,0,0,0,ok,,/Users/tenzinyonten/layer_detection/data/raw_opf/I88977D82.opf/I88977D82.opf,/Users/tenzinyonten/layer_detection/data/raw_opf/I88977D82.opf/I88977D82.opf/layers/v001/Tsawa.yml,/Users/tenzinyonten/layer_detection/data/raw_opf/I88977D82.opf/I88977D82.opf/base/v001.txt
I88CF073C,new,True,3,3,0,0,199779,5545,5545,2.775567,1848.333,1816.0,0,0,0,0,0,ok,,/Users/tenzinyonten/layer_detection/data/raw_opf/I88CF073C.opf/I88CF073C.opf,/Users/tenzinyonten/layer_detection/data/raw_opf/I88CF073C.opf/I88CF073C.opf/layers/v001/Tsawa.yml,/Users/tenzinyonten/layer_detection/data/raw_opf/I88CF073C.opf/I88CF073C.opf/base/v001.txt
I88DA3111,new,True,4,4,0,0,10195,479,479,4.698382,119.75,91.0,0,0,0,0,0,ok,,/Users/tenzinyonten/layer_detection/data/raw_opf/I88DA3111.opf/I88DA3111.opf,/Users/tenzinyonten/layer_detection/data/raw_opf/I88DA3111.opf/I88DA3111.opf/layers/v001/Tsawa.yml,/Users/tenzinyonten/layer_detection/data/raw_opf/I88DA3111.opf/I88DA3111.opf/base/v001.txt
I895C519A,new,True,123,14,109,0,19661,3298,3298,16.774325,26.813,9.0,0,0,0,0,0,ok,,/Users/tenzinyonten/layer_detection/data/raw_opf/I895C519A.opf/I895C519A.opf,/Users/tenzinyonten/layer_detection/data/raw_opf/I895C519A.opf/I895C519A.opf/layers/v001/Tsawa.yml,/Users/tenzinyonten/layer_detection/data/raw_opf/I895C519A.opf/I895C519A.opf/base/v001.txt
I8961718B,new,True,5,5,0,0,287997,792,792,0.275003,158.4,155.0,0,0,0,0,0,ok,,/Users/tenzinyonten/layer_detection/data/raw_opf/I8961718B.opf/I8961718B.opf,/Users/tenzinyonten/layer_detection/data/raw_opf/I8961718B.opf/I8961718B.opf/layers/v001/Tsawa.yml,/Users/tenzinyonten/layer_detection/data/raw_opf/I8961718B.opf/I8961718B.opf/base/v001.txt
I8994AAB2,new,True,243,219,24,0,321927,59886,59886,18.602354,246.444,213.0,0,0,0,0,0,ok,,/Users/tenzinyonten/layer_detection/data/raw_opf/I8994AAB2.opf/I8994AAB2.opf,/Users/tenzinyonten/layer_detection/data/raw_opf/I8994AAB2.opf/I8994AAB2.opf/layers/v001/Tsawa.yml,/Users/tenzinyonten/layer_detection/data/raw_opf/I8994AAB2.opf/I8994AAB2.opf/base/v001.txt
I8995895C,new,False,0,0,0,0,8212,0,0,0.0,,,0,0,0,0,0,no_tsawa_layer,,/Users/tenzinyonten/layer_detection/data/raw_opf/I8995895C.opf/I8995895C.opf,,/Users/tenzinyonten/layer_detection/data/raw_opf/I8995895C.opf/I8995895C.opf/base/v001.txt
I8A57AE06,new,True,2,0,2,0,9702,52,52,0.535972,26.0,26.0,0,0,0,0,0,ok,,/Users/tenzinyonten/layer_detection/data/raw_opf/I8A57AE06.opf/I8A57AE06.opf,/Users/tenzinyonten/layer_detection/data/raw_opf/I8A57AE06.opf/I8A57AE06.opf/layers/v001/Tsawa.yml,/Users/tenzinyonten/layer_detection/data/raw_opf/I8A57AE06.opf/I8A57AE06.opf/base/v001.txt
I8B49E87B,new,True,71,71,0,0,315392,3155,3155,1.000342,44.437,28.0,0,0,0,0,0,ok,,/Users/tenzinyonten/layer_detection/data/raw_opf/I8B49E87B.opf/I8B49E87B.opf,/Users/tenzinyonten/layer_detection/data/raw_opf/I8B49E87B.opf/I8B49E87B.opf/layers/v001/Tsawa.yml,/Users/tenzinyonten/layer_detection/data/raw_opf/I8B49E87B.opf/I8B49E87B.opf/base/v001.txt
I8CEEFEFC,new,False,0,0,0,0,97625,0,0,0.0,,,0,0,0,0,0,no_tsawa_layer,,/Users/tenzinyonten/layer_detection/data/raw_opf/I8CEEFEFC.opf/I8CEEFEFC.opf,,/Users/tenzinyonten/layer_detection/data/raw_opf/I8CEEFEFC.opf/I8CEEFEFC.opf/base/v001.txt
I8D5C7CB4,new,False,0,0,0,0,13210,0,0,0.0,,,0,0,0,0,0,no_tsawa_layer,,/Users/tenzinyonten/layer_detection/data/raw_opf/I8D5C7CB4.opf/I8D5C7CB4.opf,,/Users/tenzinyonten/layer_detection/data/raw_opf/I8D5C7CB4.opf/I8D5C7CB4.opf/base/v001.txt
I8D6D2565,new,False,0,0,0,0,52135,0,0,0.0,,,0,0,0,0,0,no_tsawa_layer,,/Users/tenzinyonten/layer_detection/data/raw_opf/I8D6D2565.opf/I8D6D2565.opf,,/Users/tenzinyonten/layer_detection/data/raw_opf/I8D6D2565.opf/I8D6D2565.opf/base/v001.txt
I8E747E8E,new,False,0,0,0,0,79652,0,0,0.0,,,0,0,0,0,0,no_tsawa_layer,,/Users/tenzinyonten/layer_detection/data/raw_opf/I8E747E8E.opf/I8E747E8E.opf,,/Users/tenzinyonten/layer_detection/data/raw_opf/I8E747E8E.opf/I8E747E8E.opf/base/v001.txt
I8EC6D8E9,new,False,0,0,0,0,37575,0,0,0.0,,,0,0,0,0,0,no_tsawa_layer,,/Users/tenzinyonten/layer_detection/data/raw_opf/I8EC6D8E9.opf/I8EC6D8E9.opf,,/Users/tenzinyonten/layer_detection/data/raw_opf/I8EC6D8E9.opf/I8EC6D8E9.opf/base/v001.txt
I91949F99,new,True,2,0,2,0,256137,85,85,0.033185,42.5,42.5,0,0,0,0,0,ok,,/Users/tenzinyonten/layer_detection/data/raw_opf/I91949F99.opf/I91949F99.opf,/Users/tenzinyonten/layer_detection/data/raw_opf/I91949F99.opf/I91949F99.opf/layers/v001/Tsawa.yml,/Users/tenzinyonten/layer_detection/data/raw_opf/I91949F99.opf/I91949F99.opf/base/v001.txt
I920AA7AC,new,True,418,417,1,0,336116,59949,59949,17.835807,143.419,121.0,0,0,0,0,0,ok,,/Users/tenzinyonten/layer_detection/data/raw_opf/I920AA7AC.opf/I920AA7AC.opf,/Users/tenzinyonten/layer_detection/data/raw_opf/I920AA7AC.opf/I920AA7AC.opf/layers/v001/Tsawa.yml,/Users/tenzinyonten/layer_detection/data/raw_opf/I920AA7AC.opf/I920AA7AC.opf/base/v001.txt
I9434034F,new,False,0,0,0,0,42966,0,0,0.0,,,0,0,0,0,0,no_tsawa_layer,,/Users/tenzinyonten/layer_detection/data/raw_opf/I9434034F.opf/I9434034F.opf,,/Users/tenzinyonten/layer_detection/data/raw_opf/I9434034F.opf/I9434034F.opf/base/v001.txt
I9658BC87,new,False,0,0,0,0,559981,0,0,0.0,,,0,0,0,0,0,no_tsawa_layer,,/Users/tenzinyonten/layer_detection/data/raw_opf/I9658BC87.opf/I9658BC87.opf,,/Users/tenzinyonten/layer_detection/data/raw_opf/I9658BC87.opf/I9658BC87.opf/base/v001.txt
I968B73EB,new,False,0,0,0,0,116379,0,0,0.0,,,0,0,0,0,0,no_tsawa_layer,,/Users/tenzinyonten/layer_detection/data/raw_opf/I968B73EB.opf/I968B73EB.opf,,/Users/tenzinyonten/layer_detection/data/raw_opf/I968B73EB.opf/I968B73EB.opf/base/v001.txt
I9779A606,new,True,18,11,7,0,320369,2815,2815,0.878674,156.389,88.0,0,0,0,0,0,ok,,/Users/tenzinyonten/layer_detection/data/raw_opf/I9779A606.opf/I9779A606.opf,/Users/tenzinyonten/layer_detection/data/raw_opf/I9779A606.opf/I9779A606.opf/layers/v001/Tsawa.yml,/Users/tenzinyonten/layer_detection/data/raw_opf/I9779A606.opf/I9779A606.opf/base/v001.txt
I9779E60E,new,True,5,4,1,0,57331,558,558,0.973295,111.6,104.0,0,0,0,0,0,ok,,/Users/tenzinyonten/layer_detection/data/raw_opf/I9779E60E.opf/I9779E60E.opf,/Users/tenzinyonten/layer_detection/data/raw_opf/I9779E60E.opf/I9779E60E.opf/layers/v001/Tsawa.yml,/Users/tenzinyonten/layer_detection/data/raw_opf/I9779E60E.opf/I9779E60E.opf/base/v001.txt
I97B90DC0,new,True,2,0,2,0,301570,85,85,0.028186,42.5,42.5,0,0,0,0,0,ok,,/Users/tenzinyonten/layer_detection/data/raw_opf/I97B90DC0.opf/I97B90DC0.opf,/Users/tenzinyonten/layer_detection/data/raw_opf/I97B90DC0.opf/I97B90DC0.opf/layers/v001/Tsawa.yml,/Users/tenzinyonten/layer_detection/data/raw_opf/I97B90DC0.opf/I97B90DC0.opf/base/v001.txt
I97D6FE6E,new,False,0,0,0,0,4885,0,0,0.0,,,0,0,0,0,0,no_tsawa_layer,,/Users/tenzinyonten/layer_detection/data/raw_opf/I97D6FE6E.opf/I97D6FE6E.opf,,/Users/tenzinyonten/layer_detection/data/raw_opf/I97D6FE6E.opf/I97D6FE6E.opf/base/v001.txt
I9811592F,new,True,61,61,0,0,116840,1929,1929,1.650976,31.623,28.0,0,0,0,0,0,ok,,/Users/tenzinyonten/layer_detection/data/raw_opf/I9811592F.opf/I9811592F.opf,/Users/tenzinyonten/layer_detection/data/raw_opf/I9811592F.opf/I9811592F.opf/layers/v001/Tsawa.yml,/Users/tenzinyonten/layer_detection/data/raw_opf/I9811592F.opf/I9811592F.opf/base/v001.txt
I98D03292,new,True,373,359,14,0,412649,55718,55718,13.502517,149.378,118.0,0,0,0,0,0,ok,,/Users/tenzinyonten/layer_detection/data/raw_opf/I98D03292.opf/I98D03292.opf,/Users/tenzinyonten/layer_detection/data/raw_opf/I98D03292.opf/I98D03292.opf/layers/v001/Tsawa.yml,/Users/tenzinyonten/layer_detection/data/raw_opf/I98D03292.opf/I98D03292.opf/base/v001.txt
I99DF06AA,new,False,0,0,0,0,475299,0,0,0.0,,,0,0,0,0,0,no_tsawa_layer,,/Users/tenzinyonten/layer_detection/data/raw_opf/I99DF06AA.opf/I99DF06AA.opf,,/Users/tenzinyonten/layer_detection/data/raw_opf/I99DF06AA.opf/I99DF06AA.opf/base/v001.txt
I99F347E4,new,False,0,0,0,0,12596,0,0,0.0,,,0,0,0,0,0,no_tsawa_layer,,/Users/tenzinyonten/layer_detection/data/raw_opf/I99F347E4.opf/I99F347E4.opf,,/Users/tenzinyonten/layer_detection/data/raw_opf/I99F347E4.opf/I99F347E4.opf/base/v001.txt
I9AEEF96A,new,True,20,17,3,0,11369,2642,2642,23.238631,139.053,153.0,1,0,0,0,0,ok,,/Users/tenzinyonten/layer_detection/data/raw_opf/I9AEEF96A.opf/I9AEEF96A.opf,/Users/tenzinyonten/layer_detection/data/raw_opf/I9AEEF96A.opf/I9AEEF96A.opf/layers/v001/Tsawa.yml,/Users/tenzinyonten/layer_detection/data/raw_opf/I9AEEF96A.opf/I9AEEF96A.opf/base/v001.txt
I9B6A4525,new,True,203,3,200,0,246392,8410,8410,3.41326,41.429,36.0,0,0,0,0,0,ok,,/Users/tenzinyonten/layer_detection/data/raw_opf/I9B6A4525.opf/I9B6A4525.opf,/Users/tenzinyonten/layer_detection/data/raw_opf/I9B6A4525.opf/I9B6A4525.opf/layers/v001/Tsawa.yml,/Users/tenzinyonten/layer_detection/data/raw_opf/I9B6A4525.opf/I9B6A4525.opf/base/v001.txt
I9CB71958,new,True,139,1,138,0,31805,3247,3247,10.209087,23.36,20.0,0,0,0,0,0,ok,,/Users/tenzinyonten/layer_detection/data/raw_opf/I9CB71958.opf/I9CB71958.opf,/Users/tenzinyonten/layer_detection/data/raw_opf/I9CB71958.opf/I9CB71958.opf/layers/v001/Tsawa.yml,/Users/tenzinyonten/layer_detection/data/raw_opf/I9CB71958.opf/I9CB71958.opf/base/v001.txt
I9D810AA7,new,False,0,0,0,0,19336,0,0,0.0,,,0,0,0,0,0,no_tsawa_layer,,/Users/tenzinyonten/layer_detection/data/raw_opf/I9D810AA7.opf/I9D810AA7.opf,,/Users/tenzinyonten/layer_detection/data/raw_opf/I9D810AA7.opf/I9D810AA7.opf/base/v001.txt
I9D9C7AC9,new,True,43,41,2,0,14402,5768,5768,40.049993,134.14,75.0,0,0,0,0,0,ok,,/Users/tenzinyonten/layer_detection/data/raw_opf/I9D9C7AC9.opf/I9D9C7AC9.opf,/Users/tenzinyonten/layer_detection/data/raw_opf/I9D9C7AC9.opf/I9D9C7AC9.opf/layers/v001/Tsawa.yml,/Users/tenzinyonten/layer_detection/data/raw_opf/I9D9C7AC9.opf/I9D9C7AC9.opf/base/v001.txt
I9DF09DD3,new,False,0,0,0,0,70209,0,0,0.0,,,0,0,0,0,0,no_tsawa_layer,,/Users/tenzinyonten/layer_detection/data/raw_opf/I9DF09DD3.opf/I9DF09DD3.opf,,/Users/tenzinyonten/layer_detection/data/raw_opf/I9DF09DD3.opf/I9DF09DD3.opf/base/v001.txt
I9E666AF8,new,False,0,0,0,0,19307,0,0,0.0,,,0,0,0,0,0,no_tsawa_layer,,/Users/tenzinyonten/layer_detection/data/raw_opf/I9E666AF8.opf/I9E666AF8.opf,,/Users/tenzinyonten/layer_detection/data/raw_opf/I9E666AF8.opf/I9E666AF8.opf/base/v001.txt
I9EE3E92B,new,False,0,0,0,0,26499,0,0,0.0,,,0,0,0,0,0,no_tsawa_layer,,/Users/tenzinyonten/layer_detection/data/raw_opf/I9EE3E92B.opf/I9EE3E92B.opf,,/Users/tenzinyonten/layer_detection/data/raw_opf/I9EE3E92B.opf/I9EE3E92B.opf/base/v001.txt
I9FF2B59B,new,True,1230,1,1229,0,153228,24898,24898,16.248988,20.242,10.0,0,0,0,0,0,ok,,/Users/tenzinyonten/layer_detection/data/raw_opf/I9FF2B59B.opf/I9FF2B59B.opf,/Users/tenzinyonten/layer_detection/data/raw_opf/I9FF2B59B.opf/I9FF2B59B.opf/layers/v001/Tsawa.yml,/Users/tenzinyonten/layer_detection/data/raw_opf/I9FF2B59B.opf/I9FF2B59B.opf/base/v001.txt
IA2F1ACFA,new,True,66,66,0,0,284423,8744,8744,3.074294,132.485,149.5,0,0,0,0,0,ok,,/Users/tenzinyonten/layer_detection/data/raw_opf/IA2F1ACFA.opf/IA2F1ACFA.opf,/Users/tenzinyonten/layer_detection/data/raw_opf/IA2F1ACFA.opf/IA2F1ACFA.opf/layers/v001/Tsawa.yml,/Users/tenzinyonten/layer_detection/data/raw_opf/IA2F1ACFA.opf/IA2F1ACFA.opf/base/v001.txt
IA3DD1ADA,new,True,1,1,0,0,13071,15,15,0.114758,15.0,15.0,0,0,0,0,0,ok,,/Users/tenzinyonten/layer_detection/data/raw_opf/IA3DD1ADA.opf/IA3DD1ADA.opf,/Users/tenzinyonten/layer_detection/data/raw_opf/IA3DD1ADA.opf/IA3DD1ADA.opf/layers/v001/Tsawa.yml,/Users/tenzinyonten/layer_detection/data/raw_opf/IA3DD1ADA.opf/IA3DD1ADA.opf/base/v001.txt
IA473D353,new,True,125,125,0,0,108809,13417,13417,12.330781,107.336,116.0,0,0,0,0,0,ok,,/Users/tenzinyonten/layer_detection/data/raw_opf/IA473D353.opf/IA473D353.opf,/Users/tenzinyonten/layer_detection/data/raw_opf/IA473D353.opf/IA473D353.opf/layers/v001/Tsawa.yml,/Users/tenzinyonten/layer_detection/data/raw_opf/IA473D353.opf/IA473D353.opf/base/v001.txt
IA5AA757B,new,False,0,0,0,0,26247,0,0,0.0,,,0,0,0,0,0,no_tsawa_layer,,/Users/tenzinyonten/layer_detection/data/raw_opf/IA5AA757B.opf/IA5AA757B.opf,,/Users/tenzinyonten/layer_detection/data/raw_opf/IA5AA757B.opf/IA5AA757B.opf/base/v001.txt
IA736981A,new,False,0,0,0,0,58044,0,0,0.0,,,0,0,0,0,0,no_tsawa_layer,,/Users/tenzinyonten/layer_detection/data/raw_opf/IA736981A.opf/IA736981A.opf,,/Users/tenzinyonten/layer_detection/data/raw_opf/IA736981A.opf/IA736981A.opf/base/v001.txt
IA83BAC6F,new,False,0,0,0,0,120316,0,0,0.0,,,0,0,0,0,0,no_tsawa_layer,,/Users/tenzinyonten/layer_detection/data/raw_opf/IA83BAC6F.opf/IA83BAC6F.opf,,/Users/tenzinyonten/layer_detection/data/raw_opf/IA83BAC6F.opf/IA83BAC6F.opf/base/v001.txt
IA9544907,new,False,0,0,0,0,45257,0,0,0.0,,,0,0,0,0,0,no_tsawa_layer,,/Users/tenzinyonten/layer_detection/data/raw_opf/IA9544907.opf/IA9544907.opf,,/Users/tenzinyonten/layer_detection/data/raw_opf/IA9544907.opf/IA9544907.opf/base/v001.txt
IAA85B9B5,new,True,13,11,2,0,10832,4127,4127,38.100074,317.462,156.0,0,0,0,0,0,ok,,/Users/tenzinyonten/layer_detection/data/raw_opf/IAA85B9B5.opf/IAA85B9B5.opf,/Users/tenzinyonten/layer_detection/data/raw_opf/IAA85B9B5.opf/IAA85B9B5.opf/layers/v001/Tsawa.yml,/Users/tenzinyonten/layer_detection/data/raw_opf/IAA85B9B5.opf/IAA85B9B5.opf/base/v001.txt
IAAADCAA0,new,False,0,0,0,0,88023,0,0,0.0,,,0,0,0,0,0,no_tsawa_layer,,/Users/tenzinyonten/layer_detection/data/raw_opf/IAAADCAA0.opf/IAAADCAA0.opf,,/Users/tenzinyonten/layer_detection/data/raw_opf/IAAADCAA0.opf/IAAADCAA0.opf/base/v001.txt
IAB948889,new,False,0,0,0,0,86696,0,0,0.0,,,0,0,0,0,0,no_tsawa_layer,,/Users/tenzinyonten/layer_detection/data/raw_opf/IAB948889.opf/IAB948889.opf,,/Users/tenzinyonten/layer_detection/data/raw_opf/IAB948889.opf/IAB948889.opf/base/v001.txt
IABE7480B,new,False,0,0,0,0,58750,0,0,0.0,,,0,0,0,0,0,no_tsawa_layer,,/Users/tenzinyonten/layer_detection/data/raw_opf/IABE7480B.opf/IABE7480B.opf,,/Users/tenzinyonten/layer_detection/data/raw_opf/IABE7480B.opf/IABE7480B.opf/base/v001.txt
IAC0C3AD3,new,False,0,0,0,0,6750,0,0,0.0,,,0,0,0,0,0,no_tsawa_layer,,/Users/tenzinyonten/layer_detection/data/raw_opf/IAC0C3AD3.opf/IAC0C3AD3.opf,,/Users/tenzinyonten/layer_detection/data/raw_opf/IAC0C3AD3.opf/IAC0C3AD3.opf/base/v001.txt
IACBA255A,new,False,0,0,0,0,311043,0,0,0.0,,,0,0,0,0,0,no_tsawa_layer,,/Users/tenzinyonten/layer_detection/data/raw_opf/IACBA255A.opf/IACBA255A.opf,,/Users/tenzinyonten/layer_detection/data/raw_opf/IACBA255A.opf/IACBA255A.opf/base/v001.txt
IACD4469E,new,False,0,0,0,0,524931,0,0,0.0,,,0,0,0,0,0,no_tsawa_layer,,/Users/tenzinyonten/layer_detection/data/raw_opf/IACD4469E.opf/IACD4469E.opf,,/Users/tenzinyonten/layer_detection/data/raw_opf/IACD4469E.opf/IACD4469E.opf/base/v001.txt
IAE1E11E5,new,True,60,59,1,0,150336,6566,6566,4.36755,109.433,107.0,0,0,0,0,0,ok,,/Users/tenzinyonten/layer_detection/data/raw_opf/IAE1E11E5.opf/IAE1E11E5.opf,/Users/tenzinyonten/layer_detection/data/raw_opf/IAE1E11E5.opf/IAE1E11E5.opf/layers/v001/Tsawa.yml,/Users/tenzinyonten/layer_detection/data/raw_opf/IAE1E11E5.opf/IAE1E11E5.opf/base/v001.txt
IAFA8F999,new,False,0,0,0,0,5599,0,0,0.0,,,0,0,0,0,0,no_tsawa_layer,,/Users/tenzinyonten/layer_detection/data/raw_opf/IAFA8F999.opf/IAFA8F999.opf,,/Users/tenzinyonten/layer_detection/data/raw_opf/IAFA8F999.opf/IAFA8F999.opf/base/v001.txt
IB047F8C7,new,True,79,79,0,0,272888,9230,9230,3.38234,116.835,73.0,0,0,0,0,0,ok,,/Users/tenzinyonten/layer_detection/data/raw_opf/IB047F8C7.opf/IB047F8C7.opf,/Users/tenzinyonten/layer_detection/data/raw_opf/IB047F8C7.opf/IB047F8C7.opf/layers/v001/Tsawa.yml,/Users/tenzinyonten/layer_detection/data/raw_opf/IB047F8C7.opf/IB047F8C7.opf/base/v001.txt
IB2BA1922,new,False,0,0,0,0,790885,0,0,0.0,,,0,0,0,0,0,no_tsawa_layer,,/Users/tenzinyonten/layer_detection/data/raw_opf/IB2BA1922.opf/IB2BA1922.opf,,/Users/tenzinyonten/layer_detection/data/raw_opf/IB2BA1922.opf/IB2BA1922.opf/base/v001.txt
IB4534838,new,False,0,0,0,0,102800,0,0,0.0,,,0,0,0,0,0,no_tsawa_layer,,/Users/tenzinyonten/layer_detection/data/raw_opf/IB4534838.opf/IB4534838.opf,,/Users/tenzinyonten/layer_detection/data/raw_opf/IB4534838.opf/IB4534838.opf/base/v001.txt
IB45DE768,new,True,2,0,2,0,7695,43,43,0.558804,21.5,21.5,0,0,0,0,0,ok,,/Users/tenzinyonten/layer_detection/data/raw_opf/IB45DE768.opf/IB45DE768.opf,/Users/tenzinyonten/layer_detection/data/raw_opf/IB45DE768.opf/IB45DE768.opf/layers/v001/Tsawa.yml,/Users/tenzinyonten/layer_detection/data/raw_opf/IB45DE768.opf/IB45DE768.opf/base/v001.txt
IB47565DE,new,True,1,1,0,0,275566,104,104,0.037741,104.0,104.0,0,0,0,0,0,ok,,/Users/tenzinyonten/layer_detection/data/raw_opf/IB47565DE.opf/IB47565DE.opf,/Users/tenzinyonten/layer_detection/data/raw_opf/IB47565DE.opf/IB47565DE.opf/layers/v001/Tsawa.yml,/Users/tenzinyonten/layer_detection/data/raw_opf/IB47565DE.opf/IB47565DE.opf/base/v001.txt
IB4B89F9C,new,False,0,0,0,0,425538,0,0,0.0,,,0,0,0,0,0,no_tsawa_layer,,/Users/tenzinyonten/layer_detection/data/raw_opf/IB4B89F9C.opf/IB4B89F9C.opf,,/Users/tenzinyonten/layer_detection/data/raw_opf/IB4B89F9C.opf/IB4B89F9C.opf/base/v001.txt
IB503BC08,new,False,0,0,0,0,54995,0,0,0.0,,,0,0,0,0,0,no_tsawa_layer,,/Users/tenzinyonten/layer_detection/data/raw_opf/IB503BC08.opf/IB503BC08.opf,,/Users/tenzinyonten/layer_detection/data/raw_opf/IB503BC08.opf/IB503BC08.opf/base/v001.txt
IB522F095,new,True,1253,39,1214,0,281185,32467,32467,11.546491,25.911,26.0,0,0,0,0,0,ok,,/Users/tenzinyonten/layer_detection/data/raw_opf/IB522F095.opf/IB522F095.opf,/Users/tenzinyonten/layer_detection/data/raw_opf/IB522F095.opf/IB522F095.opf/layers/v001/Tsawa.yml,/Users/tenzinyonten/layer_detection/data/raw_opf/IB522F095.opf/IB522F095.opf/base/v001.txt
IB5F523B2,new,True,2,0,2,0,4544,49,49,1.078345,24.5,24.5,0,0,0,0,0,ok,,/Users/tenzinyonten/layer_detection/data/raw_opf/IB5F523B2.opf/IB5F523B2.opf,/Users/tenzinyonten/layer_detection/data/raw_opf/IB5F523B2.opf/IB5F523B2.opf/layers/v001/Tsawa.yml,/Users/tenzinyonten/layer_detection/data/raw_opf/IB5F523B2.opf/IB5F523B2.opf/base/v001.txt
IB8D599AA,new,True,309,307,2,0,388143,24553,24553,6.325761,79.46,70.0,0,0,0,0,0,ok,,/Users/tenzinyonten/layer_detection/data/raw_opf/IB8D599AA.opf/IB8D599AA.opf,/Users/tenzinyonten/layer_detection/data/raw_opf/IB8D599AA.opf/IB8D599AA.opf/layers/v001/Tsawa.yml,/Users/tenzinyonten/layer_detection/data/raw_opf/IB8D599AA.opf/IB8D599AA.opf/base/v001.txt
IB8EEB9FB,new,True,4,0,4,0,328903,2,2,0.000608,2.0,2.0,3,0,0,0,0,ok,,/Users/tenzinyonten/layer_detection/data/raw_opf/IB8EEB9FB.opf/IB8EEB9FB.opf,/Users/tenzinyonten/layer_detection/data/raw_opf/IB8EEB9FB.opf/IB8EEB9FB.opf/layers/v001/Tsawa.yml,/Users/tenzinyonten/layer_detection/data/raw_opf/IB8EEB9FB.opf/IB8EEB9FB.opf/base/v001.txt
IB8F4E5BE,new,True,228,0,228,0,916694,8811,8811,0.961171,38.645,38.0,0,0,0,0,0,ok,,/Users/tenzinyonten/layer_detection/data/raw_opf/IB8F4E5BE.opf/IB8F4E5BE.opf,/Users/tenzinyonten/layer_detection/data/raw_opf/IB8F4E5BE.opf/IB8F4E5BE.opf/layers/v001/Tsawa.yml,/Users/tenzinyonten/layer_detection/data/raw_opf/IB8F4E5BE.opf/IB8F4E5BE.opf/base/v001.txt
IB9CA8898,new,False,0,0,0,0,32658,0,0,0.0,,,0,0,0,0,0,no_tsawa_layer,,/Users/tenzinyonten/layer_detection/data/raw_opf/IB9CA8898.opf/IB9CA8898.opf,,/Users/tenzinyonten/layer_detection/data/raw_opf/IB9CA8898.opf/IB9CA8898.opf/base/v001.txt
IBB199AAB,new,False,0,0,0,0,74644,0,0,0.0,,,0,0,0,0,0,no_tsawa_layer,,/Users/tenzinyonten/layer_detection/data/raw_opf/IBB199AAB.opf/IBB199AAB.opf,,/Users/tenzinyonten/layer_detection/data/raw_opf/IBB199AAB.opf/IBB199AAB.opf/base/v001.txt
IBB812389,new,False,0,0,0,0,54112,0,0,0.0,,,0,0,0,0,0,no_tsawa_layer,,/Users/tenzinyonten/layer_detection/data/raw_opf/IBB812389.opf/IBB812389.opf,,/Users/tenzinyonten/layer_detection/data/raw_opf/IBB812389.opf/IBB812389.opf/base/v001.txt
IBBB26EA1,new,True,2,0,2,0,18588,42,42,0.225952,21.0,21.0,0,0,0,0,0,ok,,/Users/tenzinyonten/layer_detection/data/raw_opf/IBBB26EA1.opf/IBBB26EA1.opf,/Users/tenzinyonten/layer_detection/data/raw_opf/IBBB26EA1.opf/IBBB26EA1.opf/layers/v001/Tsawa.yml,/Users/tenzinyonten/layer_detection/data/raw_opf/IBBB26EA1.opf/IBBB26EA1.opf/base/v001.txt
IBBFC3AAB,new,False,0,0,0,0,68534,0,0,0.0,,,0,0,0,0,0,no_tsawa_layer,,/Users/tenzinyonten/layer_detection/data/raw_opf/IBBFC3AAB.opf/IBBFC3AAB.opf,,/Users/tenzinyonten/layer_detection/data/raw_opf/IBBFC3AAB.opf/IBBFC3AAB.opf/base/v001.txt
IBC775AF6,new,True,28,28,0,0,284388,5683,5683,1.998326,202.964,160.5,0,0,0,0,0,ok,,/Users/tenzinyonten/layer_detection/data/raw_opf/IBC775AF6.opf/IBC775AF6.opf,/Users/tenzinyonten/layer_detection/data/raw_opf/IBC775AF6.opf/IBC775AF6.opf/layers/v001/Tsawa.yml,/Users/tenzinyonten/layer_detection/data/raw_opf/IBC775AF6.opf/IBC775AF6.opf/base/v001.txt
IBCF6B0BA,new,False,0,0,0,0,149555,0,0,0.0,,,0,0,0,0,0,no_tsawa_layer,,/Users/tenzinyonten/layer_detection/data/raw_opf/IBCF6B0BA.opf/IBCF6B0BA.opf,,/Users/tenzinyonten/layer_detection/data/raw_opf/IBCF6B0BA.opf/IBCF6B0BA.opf/base/v001.txt
IBD1386A4,new,False,0,0,0,0,189841,0,0,0.0,,,0,0,0,0,0,no_tsawa_layer,,/Users/tenzinyonten/layer_detection/data/raw_opf/IBD1386A4.opf/IBD1386A4.opf,,/Users/tenzinyonten/layer_detection/data/raw_opf/IBD1386A4.opf/IBD1386A4.opf/base/v001.txt
IBF8C5BB6,new,True,7,6,1,0,256079,528,528,0.206186,75.429,44.0,0,0,0,0,0,ok,,/Users/tenzinyonten/layer_detection/data/raw_opf/IBF8C5BB6.opf/IBF8C5BB6.opf,/Users/tenzinyonten/layer_detection/data/raw_opf/IBF8C5BB6.opf/IBF8C5BB6.opf/layers/v001/Tsawa.yml,/Users/tenzinyonten/layer_detection/data/raw_opf/IBF8C5BB6.opf/IBF8C5BB6.opf/base/v001.txt
IBFACCCDF,new,True,128,128,0,0,141184,18376,18376,13.015639,143.562,147.0,0,0,0,0,0,ok,,/Users/tenzinyonten/layer_detection/data/raw_opf/IBFACCCDF.opf/IBFACCCDF.opf,/Users/tenzinyonten/layer_detection/data/raw_opf/IBFACCCDF.opf/IBFACCCDF.opf/layers/v001/Tsawa.yml,/Users/tenzinyonten/layer_detection/data/raw_opf/IBFACCCDF.opf/IBFACCCDF.opf/base/v001.txt
IC05A6BE0,new,True,166,155,11,0,126988,7662,7662,6.033641,46.157,39.0,0,0,0,0,0,ok,,/Users/tenzinyonten/layer_detection/data/raw_opf/IC05A6BE0.opf/IC05A6BE0.opf,/Users/tenzinyonten/layer_detection/data/raw_opf/IC05A6BE0.opf/IC05A6BE0.opf/layers/v001/Tsawa.yml,/Users/tenzinyonten/layer_detection/data/raw_opf/IC05A6BE0.opf/IC05A6BE0.opf/base/v001.txt
IC3A7006F,new,True,2,0,2,0,81153,109,109,0.134314,54.5,54.5,0,0,0,0,0,ok,,/Users/tenzinyonten/layer_detection/data/raw_opf/IC3A7006F.opf/IC3A7006F.opf,/Users/tenzinyonten/layer_detection/data/raw_opf/IC3A7006F.opf/IC3A7006F.opf/layers/v001/Tsawa.yml,/Users/tenzinyonten/layer_detection/data/raw_opf/IC3A7006F.opf/IC3A7006F.opf/base/v001.txt
IC421942A,new,False,0,0,0,0,63180,0,0,0.0,,,0,0,0,0,0,no_tsawa_layer,,/Users/tenzinyonten/layer_detection/data/raw_opf/IC421942A.opf/IC421942A.opf,,/Users/tenzinyonten/layer_detection/data/raw_opf/IC421942A.opf/IC421942A.opf/base/v001.txt
IC555D0EB,new,True,2,0,2,0,300840,168,168,0.055844,84.0,84.0,0,0,0,0,0,ok,,/Users/tenzinyonten/layer_detection/data/raw_opf/IC555D0EB.opf/IC555D0EB.opf,/Users/tenzinyonten/layer_detection/data/raw_opf/IC555D0EB.opf/IC555D0EB.opf/layers/v001/Tsawa.yml,/Users/tenzinyonten/layer_detection/data/raw_opf/IC555D0EB.opf/IC555D0EB.opf/base/v001.txt
IC5CE7FE9,new,True,247,200,47,0,339122,44327,44327,13.071107,179.462,124.0,0,0,0,0,0,ok,,/Users/tenzinyonten/layer_detection/data/raw_opf/IC5CE7FE9.opf/IC5CE7FE9.opf,/Users/tenzinyonten/layer_detection/data/raw_opf/IC5CE7FE9.opf/IC5CE7FE9.opf/layers/v001/Tsawa.yml,/Users/tenzinyonten/layer_detection/data/raw_opf/IC5CE7FE9.opf/IC5CE7FE9.opf/base/v001.txt
IC6F06BCD,new,True,14,12,2,0,272537,2950,2950,1.082422,210.714,125.5,0,0,0,0,0,ok,,/Users/tenzinyonten/layer_detection/data/raw_opf/IC6F06BCD.opf/IC6F06BCD.opf,/Users/tenzinyonten/layer_detection/data/raw_opf/IC6F06BCD.opf/IC6F06BCD.opf/layers/v001/Tsawa.yml,/Users/tenzinyonten/layer_detection/data/raw_opf/IC6F06BCD.opf/IC6F06BCD.opf/base/v001.txt
IC7A5FC73,new,False,0,0,0,0,357663,0,0,0.0,,,0,0,0,0,0,no_tsawa_layer,,/Users/tenzinyonten/layer_detection/data/raw_opf/IC7A5FC73.opf/IC7A5FC73.opf,,/Users/tenzinyonten/layer_detection/data/raw_opf/IC7A5FC73.opf/IC7A5FC73.opf/base/v001.txt
IC868EE6F,new,False,0,0,0,0,14432,0,0,0.0,,,0,0,0,0,0,no_tsawa_layer,,/Users/tenzinyonten/layer_detection/data/raw_opf/IC868EE6F.opf/IC868EE6F.opf,,/Users/tenzinyonten/layer_detection/data/raw_opf/IC868EE6F.opf/IC868EE6F.opf/base/v001.txt
IC87920B7,new,True,86,84,2,0,200891,13361,13361,6.65087,155.36,154.0,0,0,0,0,0,ok,,/Users/tenzinyonten/layer_detection/data/raw_opf/IC87920B7.opf/IC87920B7.opf,/Users/tenzinyonten/layer_detection/data/raw_opf/IC87920B7.opf/IC87920B7.opf/layers/v001/Tsawa.yml,/Users/tenzinyonten/layer_detection/data/raw_opf/IC87920B7.opf/IC87920B7.opf/base/v001.txt
IC8A4519C,new,False,0,0,0,0,146968,0,0,0.0,,,0,0,0,0,0,no_tsawa_layer,,/Users/tenzinyonten/layer_detection/data/raw_opf/IC8A4519C.opf/IC8A4519C.opf,,/Users/tenzinyonten/layer_detection/data/raw_opf/IC8A4519C.opf/IC8A4519C.opf/base/v001.txt
IC99C24DC,new,True,2,0,2,0,3111,48,48,1.542912,24.0,24.0,0,0,0,0,0,ok,,/Users/tenzinyonten/layer_detection/data/raw_opf/IC99C24DC.opf/IC99C24DC.opf,/Users/tenzinyonten/layer_detection/data/raw_opf/IC99C24DC.opf/IC99C24DC.opf/layers/v001/Tsawa.yml,/Users/tenzinyonten/layer_detection/data/raw_opf/IC99C24DC.opf/IC99C24DC.opf/base/v001.txt
IC9EE0A24,new,False,0,0,0,0,57439,0,0,0.0,,,0,0,0,0,0,no_tsawa_layer,,/Users/tenzinyonten/layer_detection/data/raw_opf/IC9EE0A24.opf/IC9EE0A24.opf,,/Users/tenzinyonten/layer_detection/data/raw_opf/IC9EE0A24.opf/IC9EE0A24.opf/base/v001.txt
ICC9840B6,new,True,2,2,0,0,600774,240,240,0.039948,120.0,120.0,0,0,0,0,0,ok,,/Users/tenzinyonten/layer_detection/data/raw_opf/ICC9840B6.opf/ICC9840B6.opf,/Users/tenzinyonten/layer_detection/data/raw_opf/ICC9840B6.opf/ICC9840B6.opf/layers/v001/Tsawa.yml,/Users/tenzinyonten/layer_detection/data/raw_opf/ICC9840B6.opf/ICC9840B6.opf/base/v001.txt
ICD7F2351,new,False,0,0,0,0,32384,0,0,0.0,,,0,0,0,0,0,no_tsawa_layer,,/Users/tenzinyonten/layer_detection/data/raw_opf/ICD7F2351.opf/ICD7F2351.opf,,/Users/tenzinyonten/layer_detection/data/raw_opf/ICD7F2351.opf/ICD7F2351.opf/base/v001.txt
ICDC84458,new,True,101,56,45,0,674665,13417,13417,1.988691,132.842,112.0,0,0,0,0,0,ok,,/Users/tenzinyonten/layer_detection/data/raw_opf/ICDC84458.opf/ICDC84458.opf,/Users/tenzinyonten/layer_detection/data/raw_opf/ICDC84458.opf/ICDC84458.opf/layers/v001/Tsawa.yml,/Users/tenzinyonten/layer_detection/data/raw_opf/ICDC84458.opf/ICDC84458.opf/base/v001.txt
ID13E3867,new,False,0,0,0,0,483768,0,0,0.0,,,0,0,0,0,0,no_tsawa_layer,,/Users/tenzinyonten/layer_detection/data/raw_opf/ID13E3867.opf/ID13E3867.opf,,/Users/tenzinyonten/layer_detection/data/raw_opf/ID13E3867.opf/ID13E3867.opf/base/v001.txt
ID4AD2D0E,new,True,18,15,3,0,8919,2103,2103,23.578877,116.833,147.0,0,0,0,0,0,ok,,/Users/tenzinyonten/layer_detection/data/raw_opf/ID4AD2D0E.opf/ID4AD2D0E.opf,/Users/tenzinyonten/layer_detection/data/raw_opf/ID4AD2D0E.opf/ID4AD2D0E.opf/layers/v001/Tsawa.yml,/Users/tenzinyonten/layer_detection/data/raw_opf/ID4AD2D0E.opf/ID4AD2D0E.opf/base/v001.txt
ID5714205,new,False,0,0,0,0,465233,0,0,0.0,,,0,0,0,0,0,no_tsawa_layer,,/Users/tenzinyonten/layer_detection/data/raw_opf/ID5714205.opf/ID5714205.opf,,/Users/tenzinyonten/layer_detection/data/raw_opf/ID5714205.opf/ID5714205.opf/base/v001.txt
ID62D615D,new,False,0,0,0,0,15718,0,0,0.0,,,0,0,0,0,0,no_tsawa_layer,,/Users/tenzinyonten/layer_detection/data/raw_opf/ID62D615D.opf/ID62D615D.opf,,/Users/tenzinyonten/layer_detection/data/raw_opf/ID62D615D.opf/ID62D615D.opf/base/v001.txt
ID6DDE9E3,new,False,0,0,0,0,46616,0,0,0.0,,,0,0,0,0,0,no_tsawa_layer,,/Users/tenzinyonten/layer_detection/data/raw_opf/ID6DDE9E3.opf/ID6DDE9E3.opf,,/Users/tenzinyonten/layer_detection/data/raw_opf/ID6DDE9E3.opf/ID6DDE9E3.opf/base/v001.txt
ID8FE83E3,new,False,0,0,0,0,729586,0,0,0.0,,,0,0,0,0,0,no_tsawa_layer,,/Users/tenzinyonten/layer_detection/data/raw_opf/ID8FE83E3.opf/ID8FE83E3.opf,,/Users/tenzinyonten/layer_detection/data/raw_opf/ID8FE83E3.opf/ID8FE83E3.opf/base/v001.txt
IDA8C4CE5,new,False,0,0,0,0,58743,0,0,0.0,,,0,0,0,0,0,no_tsawa_layer,,/Users/tenzinyonten/layer_detection/data/raw_opf/IDA8C4CE5.opf/IDA8C4CE5.opf,,/Users/tenzinyonten/layer_detection/data/raw_opf/IDA8C4CE5.opf/IDA8C4CE5.opf/base/v001.txt
IDAB254F1,new,False,0,0,0,0,189814,0,0,0.0,,,0,0,0,0,0,no_tsawa_layer,,/Users/tenzinyonten/layer_detection/data/raw_opf/IDAB254F1.opf/IDAB254F1.opf,,/Users/tenzinyonten/layer_detection/data/raw_opf/IDAB254F1.opf/IDAB254F1.opf/base/v001.txt
IDACD7FC0,new,True,3,0,3,0,12267,109,109,0.888563,36.333,32.0,0,0,0,0,0,ok,,/Users/tenzinyonten/layer_detection/data/raw_opf/IDACD7FC0.opf/IDACD7FC0.opf,/Users/tenzinyonten/layer_detection/data/raw_opf/IDACD7FC0.opf/IDACD7FC0.opf/layers/v001/Tsawa.yml,/Users/tenzinyonten/layer_detection/data/raw_opf/IDACD7FC0.opf/IDACD7FC0.opf/base/v001.txt
IDAD44BA2,new,True,514,0,514,0,19963,4840,4840,24.244853,9.435,7.0,1,0,0,0,0,ok,,/Users/tenzinyonten/layer_detection/data/raw_opf/IDAD44BA2.opf/IDAD44BA2.opf,/Users/tenzinyonten/layer_detection/data/raw_opf/IDAD44BA2.opf/IDAD44BA2.opf/layers/v001/Tsawa.yml,/Users/tenzinyonten/layer_detection/data/raw_opf/IDAD44BA2.opf/IDAD44BA2.opf/base/v001.txt
IDAE0EA08,new,False,0,0,0,0,279689,0,0,0.0,,,0,0,0,0,0,no_tsawa_layer,,/Users/tenzinyonten/layer_detection/data/raw_opf/IDAE0EA08.opf/IDAE0EA08.opf,,/Users/tenzinyonten/layer_detection/data/raw_opf/IDAE0EA08.opf/IDAE0EA08.opf/base/v001.txt
IDB6093E9,new,False,0,0,0,0,389471,0,0,0.0,,,0,0,0,0,0,no_tsawa_layer,,/Users/tenzinyonten/layer_detection/data/raw_opf/IDB6093E9.opf/IDB6093E9.opf,,/Users/tenzinyonten/layer_detection/data/raw_opf/IDB6093E9.opf/IDB6093E9.opf/base/v001.txt
IDBFF9DE3,new,True,2,0,2,0,398204,210,210,0.052737,105.0,105.0,0,0,0,0,0,ok,,/Users/tenzinyonten/layer_detection/data/raw_opf/IDBFF9DE3.opf/IDBFF9DE3.opf,/Users/tenzinyonten/layer_detection/data/raw_opf/IDBFF9DE3.opf/IDBFF9DE3.opf/layers/v001/Tsawa.yml,/Users/tenzinyonten/layer_detection/data/raw_opf/IDBFF9DE3.opf/IDBFF9DE3.opf/base/v001.txt
IDDA7F69E,new,True,27,27,0,0,533162,4382,4382,0.821889,162.296,155.0,0,0,0,0,0,ok,,/Users/tenzinyonten/layer_detection/data/raw_opf/IDDA7F69E.opf/IDDA7F69E.opf,/Users/tenzinyonten/layer_detection/data/raw_opf/IDDA7F69E.opf/IDDA7F69E.opf/layers/v001/Tsawa.yml,/Users/tenzinyonten/layer_detection/data/raw_opf/IDDA7F69E.opf/IDDA7F69E.opf/base/v001.txt
IDDB46142,new,True,1,0,1,0,4214,56,56,1.328904,56.0,56.0,0,0,0,0,0,ok,,/Users/tenzinyonten/layer_detection/data/raw_opf/IDDB46142.opf/IDDB46142.opf,/Users/tenzinyonten/layer_detection/data/raw_opf/IDDB46142.opf/IDDB46142.opf/layers/v001/Tsawa.yml,/Users/tenzinyonten/layer_detection/data/raw_opf/IDDB46142.opf/IDDB46142.opf/base/v001.txt
IDF77FDDD,new,False,0,0,0,0,52696,0,0,0.0,,,0,0,0,0,0,no_tsawa_layer,,/Users/tenzinyonten/layer_detection/data/raw_opf/IDF77FDDD.opf/IDF77FDDD.opf,,/Users/tenzinyonten/layer_detection/data/raw_opf/IDF77FDDD.opf/IDF77FDDD.opf/base/v001.txt
IE0AB7438,new,False,0,0,0,0,295963,0,0,0.0,,,0,0,0,0,0,no_tsawa_layer,,/Users/tenzinyonten/layer_detection/data/raw_opf/IE0AB7438.opf/IE0AB7438.opf,,/Users/tenzinyonten/layer_detection/data/raw_opf/IE0AB7438.opf/IE0AB7438.opf/base/v001.txt
IE166DA22,new,True,4,0,4,0,21584,128,128,0.593032,32.0,32.0,0,0,0,0,0,ok,,/Users/tenzinyonten/layer_detection/data/raw_opf/IE166DA22.opf/IE166DA22.opf,/Users/tenzinyonten/layer_detection/data/raw_opf/IE166DA22.opf/IE166DA22.opf/layers/v001/Tsawa.yml,/Users/tenzinyonten/layer_detection/data/raw_opf/IE166DA22.opf/IE166DA22.opf/base/v001.txt
IE1B4BBB9,new,False,0,0,0,0,92715,0,0,0.0,,,0,0,0,0,0,no_tsawa_layer,,/Users/tenzinyonten/layer_detection/data/raw_opf/IE1B4BBB9.opf/IE1B4BBB9.opf,,/Users/tenzinyonten/layer_detection/data/raw_opf/IE1B4BBB9.opf/IE1B4BBB9.opf/base/v001.txt
IE1ECB287,new,False,0,0,0,0,43763,0,0,0.0,,,0,0,0,0,0,no_tsawa_layer,,/Users/tenzinyonten/layer_detection/data/raw_opf/IE1ECB287.opf/IE1ECB287.opf,,/Users/tenzinyonten/layer_detection/data/raw_opf/IE1ECB287.opf/IE1ECB287.opf/base/v001.txt
IE2421BEA,new,True,10,10,0,0,581305,3728,3728,0.641316,372.8,137.0,0,0,0,0,0,ok,,/Users/tenzinyonten/layer_detection/data/raw_opf/IE2421BEA.opf/IE2421BEA.opf,/Users/tenzinyonten/layer_detection/data/raw_opf/IE2421BEA.opf/IE2421BEA.opf/layers/v001/Tsawa.yml,/Users/tenzinyonten/layer_detection/data/raw_opf/IE2421BEA.opf/IE2421BEA.opf/base/v001.txt
IE3ACE254,new,False,0,0,0,0,751000,0,0,0.0,,,0,0,0,0,0,no_tsawa_layer,,/Users/tenzinyonten/layer_detection/data/raw_opf/IE3ACE254.opf/IE3ACE254.opf,,/Users/tenzinyonten/layer_detection/data/raw_opf/IE3ACE254.opf/IE3ACE254.opf/base/v001.txt
IE5895799,new,True,29,27,2,0,247282,4420,4420,1.787433,152.414,157.0,0,0,0,0,0,ok,,/Users/tenzinyonten/layer_detection/data/raw_opf/IE5895799.opf/IE5895799.opf,/Users/tenzinyonten/layer_detection/data/raw_opf/IE5895799.opf/IE5895799.opf/layers/v001/Tsawa.yml,/Users/tenzinyonten/layer_detection/data/raw_opf/IE5895799.opf/IE5895799.opf/base/v001.txt
IE79CC998,new,True,2,0,2,0,18157,58,58,0.319436,29.0,29.0,0,0,0,0,0,ok,,/Users/tenzinyonten/layer_detection/data/raw_opf/IE79CC998.opf/IE79CC998.opf,/Users/tenzinyonten/layer_detection/data/raw_opf/IE79CC998.opf/IE79CC998.opf/layers/v001/Tsawa.yml,/Users/tenzinyonten/layer_detection/data/raw_opf/IE79CC998.opf/IE79CC998.opf/base/v001.txt
IE8D2B7C5,new,False,0,0,0,0,24439,0,0,0.0,,,0,0,0,0,0,no_tsawa_layer,,/Users/tenzinyonten/layer_detection/data/raw_opf/IE8D2B7C5.opf/IE8D2B7C5.opf,,/Users/tenzinyonten/layer_detection/data/raw_opf/IE8D2B7C5.opf/IE8D2B7C5.opf/base/v001.txt
IE8EB4CB4,new,False,0,0,0,0,50913,0,0,0.0,,,0,0,0,0,0,no_tsawa_layer,,/Users/tenzinyonten/layer_detection/data/raw_opf/IE8EB4CB4.opf/IE8EB4CB4.opf,,/Users/tenzinyonten/layer_detection/data/raw_opf/IE8EB4CB4.opf/IE8EB4CB4.opf/base/v001.txt
IE999E494,new,False,0,0,0,0,48066,0,0,0.0,,,0,0,0,0,0,no_tsawa_layer,,/Users/tenzinyonten/layer_detection/data/raw_opf/IE999E494.opf/IE999E494.opf,,/Users/tenzinyonten/layer_detection/data/raw_opf/IE999E494.opf/IE999E494.opf/base/v001.txt
IE9C4806D,new,False,0,0,0,0,16372,0,0,0.0,,,0,0,0,0,0,no_tsawa_layer,,/Users/tenzinyonten/layer_detection/data/raw_opf/IE9C4806D.opf/IE9C4806D.opf,,/Users/tenzinyonten/layer_detection/data/raw_opf/IE9C4806D.opf/IE9C4806D.opf/base/v001.txt
IEA9B747E,new,True,2,0,2,0,508071,184,184,0.036215,92.0,92.0,0,0,0,0,0,ok,,/Users/tenzinyonten/layer_detection/data/raw_opf/IEA9B747E.opf/IEA9B747E.opf,/Users/tenzinyonten/layer_detection/data/raw_opf/IEA9B747E.opf/IEA9B747E.opf/layers/v001/Tsawa.yml,/Users/tenzinyonten/layer_detection/data/raw_opf/IEA9B747E.opf/IEA9B747E.opf/base/v001.txt
IEAAE08E1,new,False,0,0,0,0,7249,0,0,0.0,,,0,0,0,0,0,no_tsawa_layer,,/Users/tenzinyonten/layer_detection/data/raw_opf/IEAAE08E1.opf/IEAAE08E1.opf,,/Users/tenzinyonten/layer_detection/data/raw_opf/IEAAE08E1.opf/IEAAE08E1.opf/base/v001.txt
IEB5D4BEB,new,False,0,0,0,0,289482,0,0,0.0,,,0,0,0,0,0,no_tsawa_layer,,/Users/tenzinyonten/layer_detection/data/raw_opf/IEB5D4BEB.opf/IEB5D4BEB.opf,,/Users/tenzinyonten/layer_detection/data/raw_opf/IEB5D4BEB.opf/IEB5D4BEB.opf/base/v001.txt
IEDFED305,new,False,0,0,0,0,3418,0,0,0.0,,,0,0,0,0,0,no_tsawa_layer,,/Users/tenzinyonten/layer_detection/data/raw_opf/IEDFED305.opf/IEDFED305.opf,,/Users/tenzinyonten/layer_detection/data/raw_opf/IEDFED305.opf/IEDFED305.opf/base/v001.txt
IEE67309C,new,True,25,23,2,0,222314,6213,6213,2.794696,248.52,210.0,0,0,0,0,0,ok,,/Users/tenzinyonten/layer_detection/data/raw_opf/IEE67309C.opf/IEE67309C.opf,/Users/tenzinyonten/layer_detection/data/raw_opf/IEE67309C.opf/IEE67309C.opf/layers/v001/Tsawa.yml,/Users/tenzinyonten/layer_detection/data/raw_opf/IEE67309C.opf/IEE67309C.opf/base/v001.txt
IEEB908B0,new,False,0,0,0,0,59149,0,0,0.0,,,0,0,0,0,0,no_tsawa_layer,,/Users/tenzinyonten/layer_detection/data/raw_opf/IEEB908B0.opf/IEEB908B0.opf,,/Users/tenzinyonten/layer_detection/data/raw_opf/IEEB908B0.opf/IEEB908B0.opf/base/v001.txt
IEEBAD11E,new,True,2,0,2,0,3592,40,40,1.113586,20.0,20.0,0,0,0,0,0,ok,,/Users/tenzinyonten/layer_detection/data/raw_opf/IEEBAD11E.opf/IEEBAD11E.opf,/Users/tenzinyonten/layer_detection/data/raw_opf/IEEBAD11E.opf/IEEBAD11E.opf/layers/v001/Tsawa.yml,/Users/tenzinyonten/layer_detection/data/raw_opf/IEEBAD11E.opf/IEEBAD11E.opf/base/v001.txt
IEEC9CCA9,new,False,0,0,0,0,8487,0,0,0.0,,,0,0,0,0,0,no_tsawa_layer,,/Users/tenzinyonten/layer_detection/data/raw_opf/IEEC9CCA9.opf/IEEC9CCA9.opf,,/Users/tenzinyonten/layer_detection/data/raw_opf/IEEC9CCA9.opf/IEEC9CCA9.opf/base/v001.txt
IEF3A4022,new,True,548,548,0,0,402148,49853,49853,12.39668,90.973,108.0,0,0,0,0,0,ok,,/Users/tenzinyonten/layer_detection/data/raw_opf/IEF3A4022.opf/IEF3A4022.opf,/Users/tenzinyonten/layer_detection/data/raw_opf/IEF3A4022.opf/IEF3A4022.opf/layers/v001/Tsawa.yml,/Users/tenzinyonten/layer_detection/data/raw_opf/IEF3A4022.opf/IEF3A4022.opf/base/v001.txt
IEFE24A29,new,False,0,0,0,0,12939,0,0,0.0,,,0,0,0,0,0,no_tsawa_layer,,/Users/tenzinyonten/layer_detection/data/raw_opf/IEFE24A29.opf/IEFE24A29.opf,,/Users/tenzinyonten/layer_detection/data/raw_opf/IEFE24A29.opf/IEFE24A29.opf/base/v001.txt
IF30A1358,new,False,0,0,0,0,61357,0,0,0.0,,,0,0,0,0,0,no_tsawa_layer,,/Users/tenzinyonten/layer_detection/data/raw_opf/IF30A1358.opf/IF30A1358.opf,,/Users/tenzinyonten/layer_detection/data/raw_opf/IF30A1358.opf/IF30A1358.opf/base/v001.txt
IF3ACC3E1,new,True,759,0,759,0,35731,5748,5748,16.086871,7.573,6.0,0,0,0,0,0,ok,,/Users/tenzinyonten/layer_detection/data/raw_opf/IF3ACC3E1.opf/IF3ACC3E1.opf,/Users/tenzinyonten/layer_detection/data/raw_opf/IF3ACC3E1.opf/IF3ACC3E1.opf/layers/v001/Tsawa.yml,/Users/tenzinyonten/layer_detection/data/raw_opf/IF3ACC3E1.opf/IF3ACC3E1.opf/base/v001.txt
IF428CDDB,new,True,353,339,14,0,414209,55832,55832,13.479186,158.164,120.0,0,0,0,0,0,ok,,/Users/tenzinyonten/layer_detection/data/raw_opf/IF428CDDB.opf/IF428CDDB.opf,/Users/tenzinyonten/layer_detection/data/raw_opf/IF428CDDB.opf/IF428CDDB.opf/layers/v001/Tsawa.yml,/Users/tenzinyonten/layer_detection/data/raw_opf/IF428CDDB.opf/IF428CDDB.opf/base/v001.txt
IF4C4BF01,new,True,1,1,0,0,385966,118,118,0.030573,118.0,118.0,0,0,0,0,0,ok,,/Users/tenzinyonten/layer_detection/data/raw_opf/IF4C4BF01.opf/IF4C4BF01.opf,/Users/tenzinyonten/layer_detection/data/raw_opf/IF4C4BF01.opf/IF4C4BF01.opf/layers/v001/Tsawa.yml,/Users/tenzinyonten/layer_detection/data/raw_opf/IF4C4BF01.opf/IF4C4BF01.opf/base/v001.txt
IF4F5D041,new,False,0,0,0,0,48607,0,0,0.0,,,0,0,0,0,0,no_tsawa_layer,,/Users/tenzinyonten/layer_detection/data/raw_opf/IF4F5D041.opf/IF4F5D041.opf,,/Users/tenzinyonten/layer_detection/data/raw_opf/IF4F5D041.opf/IF4F5D041.opf/base/v001.txt
IF5AAE849,new,False,0,0,0,0,8981,0,0,0.0,,,0,0,0,0,0,no_tsawa_layer,,/Users/tenzinyonten/layer_detection/data/raw_opf/IF5AAE849.opf/IF5AAE849.opf,,/Users/tenzinyonten/layer_detection/data/raw_opf/IF5AAE849.opf/IF5AAE849.opf/base/v001.txt
IF69FF8A7,new,False,0,0,0,0,70655,0,0,0.0,,,0,0,0,0,0,no_tsawa_layer,,/Users/tenzinyonten/layer_detection/data/raw_opf/IF69FF8A7.opf/IF69FF8A7.opf,,/Users/tenzinyonten/layer_detection/data/raw_opf/IF69FF8A7.opf/IF69FF8A7.opf/base/v001.txt
IF6B54962,new,True,2,0,2,0,10526,50,50,0.475014,25.0,25.0,0,0,0,0,0,ok,,/Users/tenzinyonten/layer_detection/data/raw_opf/IF6B54962.opf/IF6B54962.opf,/Users/tenzinyonten/layer_detection/data/raw_opf/IF6B54962.opf/IF6B54962.opf/layers/v001/Tsawa.yml,/Users/tenzinyonten/layer_detection/data/raw_opf/IF6B54962.opf/IF6B54962.opf/base/v001.txt
IF7A04537,new,True,164,163,1,0,234686,21326,21326,9.087035,130.037,113.5,0,0,0,0,0,ok,,/Users/tenzinyonten/layer_detection/data/raw_opf/IF7A04537.opf/IF7A04537.opf,/Users/tenzinyonten/layer_detection/data/raw_opf/IF7A04537.opf/IF7A04537.opf/layers/v001/Tsawa.yml,/Users/tenzinyonten/layer_detection/data/raw_opf/IF7A04537.opf/IF7A04537.opf/base/v001.txt
IF84B2E71,new,True,26,12,14,0,130583,2639,2639,2.020937,101.5,37.5,0,0,0,0,0,ok,,/Users/tenzinyonten/layer_detection/data/raw_opf/IF84B2E71.opf/IF84B2E71.opf,/Users/tenzinyonten/layer_detection/data/raw_opf/IF84B2E71.opf/IF84B2E71.opf/layers/v001/Tsawa.yml,/Users/tenzinyonten/layer_detection/data/raw_opf/IF84B2E71.opf/IF84B2E71.opf/base/v001.txt
IF85C9484,new,True,2,0,2,0,420489,79,79,0.018788,39.5,39.5,0,0,0,0,0,ok,,/Users/tenzinyonten/layer_detection/data/raw_opf/IF85C9484.opf/IF85C9484.opf,/Users/tenzinyonten/layer_detection/data/raw_opf/IF85C9484.opf/IF85C9484.opf/layers/v001/Tsawa.yml,/Users/tenzinyonten/layer_detection/data/raw_opf/IF85C9484.opf/IF85C9484.opf/base/v001.txt
IFA88A536,new,True,6,6,0,0,173506,807,807,0.465114,134.5,139.0,0,0,0,0,0,ok,,/Users/tenzinyonten/layer_detection/data/raw_opf/IFA88A536.opf/IFA88A536.opf,/Users/tenzinyonten/layer_detection/data/raw_opf/IFA88A536.opf/IFA88A536.opf/layers/v001/Tsawa.yml,/Users/tenzinyonten/layer_detection/data/raw_opf/IFA88A536.opf/IFA88A536.opf/base/v001.txt
IFAAADEA1,new,False,0,0,0,0,94614,0,0,0.0,,,0,0,0,0,0,no_tsawa_layer,,/Users/tenzinyonten/layer_detection/data/raw_opf/IFAAADEA1.opf/IFAAADEA1.opf,,/Users/tenzinyonten/layer_detection/data/raw_opf/IFAAADEA1.opf/IFAAADEA1.opf/base/v001.txt
IFC5AD8FD,new,False,0,0,0,0,157990,0,0,0.0,,,0,0,0,0,0,no_tsawa_layer,,/Users/tenzinyonten/layer_detection/data/raw_opf/IFC5AD8FD.opf/IFC5AD8FD.opf,,/Users/tenzinyonten/layer_detection/data/raw_opf/IFC5AD8FD.opf/IFC5AD8FD.opf/base/v001.txt
IFE0B60AA,new,True,280,280,0,0,34506,33380,33380,96.736799,119.214,116.0,0,0,0,0,0,ok,,/Users/tenzinyonten/layer_detection/data/raw_opf/IFE0B60AA.opf/IFE0B60AA.opf,/Users/tenzinyonten/layer_detection/data/raw_opf/IFE0B60AA.opf/IFE0B60AA.opf/layers/v001/Tsawa.yml,/Users/tenzinyonten/layer_detection/data/raw_opf/IFE0B60AA.opf/IFE0B60AA.opf/base/v001.txt
IFF05DE5E,new,False,0,0,0,0,25167,0,0,0.0,,,0,0,0,0,0,no_tsawa_layer,,/Users/tenzinyonten/layer_detection/data/raw_opf/IFF05DE5E.opf/IFF05DE5E.opf,,/Users/tenzinyonten/layer_detection/data/raw_opf/IFF05DE5E.opf/IFF05DE5E.opf/base/v001.txt
IFF541F44,new,True,92,88,4,0,208766,13480,13480,6.45699,146.522,151.5,0,0,0,0,0,ok,,/Users/tenzinyonten/layer_detection/data/raw_opf/IFF541F44.opf/IFF541F44.opf,/Users/tenzinyonten/layer_detection/data/raw_opf/IFF541F44.opf/IFF541F44.opf/layers/v001/Tsawa.yml,/Users/tenzinyonten/layer_detection/data/raw_opf/IFF541F44.opf/IFF541F44.opf/base/v001.txt
IFFA911F5,new,False,0,0,0,0,156768,0,0,0.0,,,0,0,0,0,0,no_tsawa_layer,,/Users/tenzinyonten/layer_detection/data/raw_opf/IFFA911F5.opf/IFFA911F5.opf,,/Users/tenzinyonten/layer_detection/data/raw_opf/IFFA911F5.opf/IFFA911F5.opf/base/v001.txt
P000010,old,False,0,0,0,0,657140,0,0,0.0,,,0,0,0,0,0,no_tsawa_layer,,/Users/tenzinyonten/layer_detection/data/raw_opf/P000010.opf/P000010.opf,,/Users/tenzinyonten/layer_detection/data/raw_opf/P000010.opf/P000010.opf/base/v001.txt
P000011,old,False,0,0,0,0,652943,0,0,0.0,,,0,0,0,0,0,no_tsawa_layer,,/Users/tenzinyonten/layer_detection/data/raw_opf/P000011.opf/P000011.opf,,/Users/tenzinyonten/layer_detection/data/raw_opf/P000011.opf/P000011.opf/base/v001.txt
P000012,old,False,0,0,0,0,269942,0,0,0.0,,,0,0,0,0,0,no_tsawa_layer,,/Users/tenzinyonten/layer_detection/data/raw_opf/P000012.opf/P000012.opf,,/Users/tenzinyonten/layer_detection/data/raw_opf/P000012.opf/P000012.opf/base/v001.txt
P000013,old,True,89,0,0,89,146342,28041,28041,19.16128,315.067,285.0,0,0,0,0,0,ok,,/Users/tenzinyonten/layer_detection/data/raw_opf/P000013.opf/P000013.opf,/Users/tenzinyonten/layer_detection/data/raw_opf/P000013.opf/P000013.opf/layers/v001/Tsawa.yml,/Users/tenzinyonten/layer_detection/data/raw_opf/P000013.opf/P000013.opf/base/v001.txt
P000014,old,False,0,0,0,0,73390,0,0,0.0,,,0,0,0,0,0,no_tsawa_layer,,/Users/tenzinyonten/layer_detection/data/raw_opf/P000014.opf/P000014.opf,,/Users/tenzinyonten/layer_detection/data/raw_opf/P000014.opf/P000014.opf/base/v001.txt
P000015,old,False,0,0,0,0,111298,0,0,0.0,,,0,0,0,0,0,no_tsawa_layer,,/Users/tenzinyonten/layer_detection/data/raw_opf/P000015.opf/P000015.opf,,/Users/tenzinyonten/layer_detection/data/raw_opf/P000015.opf/P000015.opf/base/v001.txt
P000016,old,False,0,0,0,0,254227,0,0,0.0,,,0,0,0,0,0,no_tsawa_layer,,/Users/tenzinyonten/layer_detection/data/raw_opf/P000016.opf/P000016.opf,,/Users/tenzinyonten/layer_detection/data/raw_opf/P000016.opf/P000016.opf/base/v001.txt
P000017,old,True,7,0,0,7,89251,870,870,0.974779,124.286,115.0,0,0,0,0,0,ok,,/Users/tenzinyonten/layer_detection/data/raw_opf/P000017.opf/P000017.opf,/Users/tenzinyonten/layer_detection/data/raw_opf/P000017.opf/P000017.opf/layers/v001/Tsawa.yml,/Users/tenzinyonten/layer_detection/data/raw_opf/P000017.opf/P000017.opf/base/v001.txt
P000018,old,False,0,0,0,0,190602,0,0,0.0,,,0,0,0,0,0,no_tsawa_layer,,/Users/tenzinyonten/layer_detection/data/raw_opf/P000018.opf/P000018.opf,,/Users/tenzinyonten/layer_detection/data/raw_opf/P000018.opf/P000018.opf/base/v001.txt
P000019,old,False,0,0,0,0,496632,0,0,0.0,,,0,0,0,0,0,no_tsawa_layer,,/Users/tenzinyonten/layer_detection/data/raw_opf/P000019.opf/P000019.opf,,/Users/tenzinyonten/layer_detection/data/raw_opf/P000019.opf/P000019.opf/base/v001.txt
P000020,old,True,11,0,0,11,289013,2489,2489,0.861207,226.273,230.0,0,0,0,0,0,ok,,/Users/tenzinyonten/layer_detection/data/raw_opf/P000020.opf/P000020.opf,/Users/tenzinyonten/layer_detection/data/raw_opf/P000020.opf/P000020.opf/layers/v001/Tsawa.yml,/Users/tenzinyonten/layer_detection/data/raw_opf/P000020.opf/P000020.opf/base/v001.txt
P000021,old,True,141,0,0,141,268019,19857,19857,7.408803,141.836,115.0,1,0,0,0,0,ok,,/Users/tenzinyonten/layer_detection/data/raw_opf/P000021.opf/P000021.opf,/Users/tenzinyonten/layer_detection/data/raw_opf/P000021.opf/P000021.opf/layers/v001/Tsawa.yml,/Users/tenzinyonten/layer_detection/data/raw_opf/P000021.opf/P000021.opf/base/v001.txt
P000022,old,True,42,0,0,42,380072,6382,6382,1.679156,151.952,123.0,0,0,0,0,0,ok,,/Users/tenzinyonten/layer_detection/data/raw_opf/P000022.opf/P000022.opf,/Users/tenzinyonten/layer_detection/data/raw_opf/P000022.opf/P000022.opf/layers/v001/Tsawa.yml,/Users/tenzinyonten/layer_detection/data/raw_opf/P000022.opf/P000022.opf/base/v001.txt
P000023,old,False,0,0,0,0,140816,0,0,0.0,,,0,0,0,0,0,no_tsawa_layer,,/Users/tenzinyonten/layer_detection/data/raw_opf/P000023.opf/P000023.opf,,/Users/tenzinyonten/layer_detection/data/raw_opf/P000023.opf/P000023.opf/base/v001.txt
P000024,old,False,0,0,0,0,349954,0,0,0.0,,,0,0,0,0,0,no_tsawa_layer,,/Users/tenzinyonten/layer_detection/data/raw_opf/P000024.opf/P000024.opf,,/Users/tenzinyonten/layer_detection/data/raw_opf/P000024.opf/P000024.opf/base/v001.txt
P000025,old,False,0,0,0,0,335262,0,0,0.0,,,0,0,0,0,0,no_tsawa_layer,,/Users/tenzinyonten/layer_detection/data/raw_opf/P000025.opf/P000025.opf,,/Users/tenzinyonten/layer_detection/data/raw_opf/P000025.opf/P000025.opf/base/v001.txt
P000026,old,True,25,0,0,25,38055,3883,3883,10.203653,155.32,154.0,0,0,0,0,0,ok,,/Users/tenzinyonten/layer_detection/data/raw_opf/P000026.opf/P000026.opf,/Users/tenzinyonten/layer_detection/data/raw_opf/P000026.opf/P000026.opf/layers/v001/Tsawa.yml,/Users/tenzinyonten/layer_detection/data/raw_opf/P000026.opf/P000026.opf/base/v001.txt
P000027,old,True,51,0,0,51,74767,6735,6735,9.007985,132.059,117.0,0,0,0,0,0,ok,,/Users/tenzinyonten/layer_detection/data/raw_opf/P000027.opf/P000027.opf,/Users/tenzinyonten/layer_detection/data/raw_opf/P000027.opf/P000027.opf/layers/v001/Tsawa.yml,/Users/tenzinyonten/layer_detection/data/raw_opf/P000027.opf/P000027.opf/base/v001.txt
P000028,old,True,103,0,0,103,546785,15673,15673,2.866392,152.165,122.0,0,0,0,0,0,ok,,/Users/tenzinyonten/layer_detection/data/raw_opf/P000028.opf/P000028.opf,/Users/tenzinyonten/layer_detection/data/raw_opf/P000028.opf/P000028.opf/layers/v001/Tsawa.yml,/Users/tenzinyonten/layer_detection/data/raw_opf/P000028.opf/P000028.opf/base/v001.txt
P000029,old,False,0,0,0,0,282867,0,0,0.0,,,0,0,0,0,0,no_tsawa_layer,,/Users/tenzinyonten/layer_detection/data/raw_opf/P000029.opf/P000029.opf,,/Users/tenzinyonten/layer_detection/data/raw_opf/P000029.opf/P000029.opf/base/v001.txt
P000030,old,False,0,0,0,0,761197,0,0,0.0,,,0,0,0,0,0,no_tsawa_layer,,/Users/tenzinyonten/layer_detection/data/raw_opf/P000030.opf/P000030.opf,,/Users/tenzinyonten/layer_detection/data/raw_opf/P000030.opf/P000030.opf/base/v001.txt
P000031,old,False,0,0,0,0,152033,0,0,0.0,,,0,0,0,0,0,no_tsawa_layer,,/Users/tenzinyonten/layer_detection/data/raw_opf/P000031.opf/P000031.opf,,/Users/tenzinyonten/layer_detection/data/raw_opf/P000031.opf/P000031.opf/base/v001.txt
P000032,old,False,0,0,0,0,30508,0,0,0.0,,,0,0,0,0,0,no_tsawa_layer,,/Users/tenzinyonten/layer_detection/data/raw_opf/P000032.opf/P000032.opf,,/Users/tenzinyonten/layer_detection/data/raw_opf/P000032.opf/P000032.opf/base/v001.txt
P000033,old,False,0,0,0,0,32440,0,0,0.0,,,0,0,0,0,0,no_tsawa_layer,,/Users/tenzinyonten/layer_detection/data/raw_opf/P000033.opf/P000033.opf,,/Users/tenzinyonten/layer_detection/data/raw_opf/P000033.opf/P000033.opf/base/v001.txt
P000034,old,False,0,0,0,0,819268,0,0,0.0,,,0,0,0,0,0,no_tsawa_layer,,/Users/tenzinyonten/layer_detection/data/raw_opf/P000034.opf/P000034.opf,,/Users/tenzinyonten/layer_detection/data/raw_opf/P000034.opf/P000034.opf/base/v001.txt
P000035,old,False,0,0,0,0,137146,0,0,0.0,,,0,0,0,0,0,no_tsawa_layer,,/Users/tenzinyonten/layer_detection/data/raw_opf/P000035.opf/P000035.opf,,/Users/tenzinyonten/layer_detection/data/raw_opf/P000035.opf/P000035.opf/base/v001.txt
P000036,old,False,0,0,0,0,526759,0,0,0.0,,,0,0,0,0,0,no_tsawa_layer,,/Users/tenzinyonten/layer_detection/data/raw_opf/P000036.opf/P000036.opf,,/Users/tenzinyonten/layer_detection/data/raw_opf/P000036.opf/P000036.opf/base/v001.txt
P000037,old,False,0,0,0,0,931698,0,0,0.0,,,0,0,0,0,0,no_tsawa_layer,,/Users/tenzinyonten/layer_detection/data/raw_opf/P000037.opf/P000037.opf,,/Users/tenzinyonten/layer_detection/data/raw_opf/P000037.opf/P000037.opf/base/v001.txt
P000038,old,False,0,0,0,0,245197,0,0,0.0,,,0,0,0,0,0,no_tsawa_layer,,/Users/tenzinyonten/layer_detection/data/raw_opf/P000038.opf/P000038.opf,,/Users/tenzinyonten/layer_detection/data/raw_opf/P000038.opf/P000038.opf/base/v001.txt
P000039,old,False,0,0,0,0,27793,0,0,0.0,,,0,0,0,0,0,no_tsawa_layer,,/Users/tenzinyonten/layer_detection/data/raw_opf/P000039.opf/P000039.opf,,/Users/tenzinyonten/layer_detection/data/raw_opf/P000039.opf/P000039.opf/base/v001.txt
P000040,old,False,0,0,0,0,13292,0,0,0.0,,,0,0,0,0,0,no_tsawa_layer,,/Users/tenzinyonten/layer_detection/data/raw_opf/P000040.opf/P000040.opf,,/Users/tenzinyonten/layer_detection/data/raw_opf/P000040.opf/P000040.opf/base/v001.txt
P000042,old,False,0,0,0,0,188086,0,0,0.0,,,0,0,0,0,0,no_tsawa_layer,,/Users/tenzinyonten/layer_detection/data/raw_opf/P000042.opf/P000042.opf,,/Users/tenzinyonten/layer_detection/data/raw_opf/P000042.opf/P000042.opf/base/v001.txt
P000043,old,False,0,0,0,0,13197,0,0,0.0,,,0,0,0,0,0,no_tsawa_layer,,/Users/tenzinyonten/layer_detection/data/raw_opf/P000043.opf/P000043.opf,,/Users/tenzinyonten/layer_detection/data/raw_opf/P000043.opf/P000043.opf/base/v001.txt
P000044,old,True,244,0,0,244,221545,32376,32376,14.613735,132.689,113.0,0,0,0,0,0,ok,,/Users/tenzinyonten/layer_detection/data/raw_opf/P000044.opf/P000044.opf,/Users/tenzinyonten/layer_detection/data/raw_opf/P000044.opf/P000044.opf/layers/v001/Tsawa.yml,/Users/tenzinyonten/layer_detection/data/raw_opf/P000044.opf/P000044.opf/base/v001.txt
P000045,old,False,0,0,0,0,16416,0,0,0.0,,,0,0,0,0,0,no_tsawa_layer,,/Users/tenzinyonten/layer_detection/data/raw_opf/P000045.opf/P000045.opf,,/Users/tenzinyonten/layer_detection/data/raw_opf/P000045.opf/P000045.opf/base/v001.txt
P000046,old,True,195,0,0,195,250389,25964,25964,10.369465,133.149,113.0,0,0,0,0,0,ok,,/Users/tenzinyonten/layer_detection/data/raw_opf/P000046.opf/P000046.opf,/Users/tenzinyonten/layer_detection/data/raw_opf/P000046.opf/P000046.opf/layers/v001/Tsawa.yml,/Users/tenzinyonten/layer_detection/data/raw_opf/P000046.opf/P000046.opf/base/v001.txt
P000047,old,False,0,0,0,0,109971,0,0,0.0,,,0,0,0,0,0,no_tsawa_layer,,/Users/tenzinyonten/layer_detection/data/raw_opf/P000047.opf/P000047.opf,,/Users/tenzinyonten/layer_detection/data/raw_opf/P000047.opf/P000047.opf/base/v001.txt
P000048,old,False,0,0,0,0,569375,0,0,0.0,,,0,0,0,0,0,no_tsawa_layer,,/Users/tenzinyonten/layer_detection/data/raw_opf/P000048.opf/P000048.opf,,/Users/tenzinyonten/layer_detection/data/raw_opf/P000048.opf/P000048.opf/base/v001.txt
P000049,old,False,0,0,0,0,51176,0,0,0.0,,,0,0,0,0,0,no_tsawa_layer,,/Users/tenzinyonten/layer_detection/data/raw_opf/P000049.opf/P000049.opf,,/Users/tenzinyonten/layer_detection/data/raw_opf/P000049.opf/P000049.opf/base/v001.txt
P000050,old,False,0,0,0,0,262185,0,0,0.0,,,0,0,0,0,0,no_tsawa_layer,,/Users/tenzinyonten/layer_detection/data/raw_opf/P000050.opf/P000050.opf,,/Users/tenzinyonten/layer_detection/data/raw_opf/P000050.opf/P000050.opf/base/v001.txt
P000051,old,False,0,0,0,0,558680,0,0,0.0,,,0,0,0,0,0,no_tsawa_layer,,/Users/tenzinyonten/layer_detection/data/raw_opf/P000051.opf/P000051.opf,,/Users/tenzinyonten/layer_detection/data/raw_opf/P000051.opf/P000051.opf/base/v001.txt
P000052,old,False,0,0,0,0,119,0,0,0.0,,,0,0,0,0,0,no_tsawa_layer,,/Users/tenzinyonten/layer_detection/data/raw_opf/P000052.opf/P000052.opf,,/Users/tenzinyonten/layer_detection/data/raw_opf/P000052.opf/P000052.opf/base/v001.txt
P000053,old,False,0,0,0,0,14079,0,0,0.0,,,0,0,0,0,0,no_tsawa_layer,,/Users/tenzinyonten/layer_detection/data/raw_opf/P000053.opf/P000053.opf,,/Users/tenzinyonten/layer_detection/data/raw_opf/P000053.opf/P000053.opf/base/v001.txt
P000054,old,True,3,0,0,3,689458,565,565,0.081948,188.333,222.0,0,0,0,0,0,ok,,/Users/tenzinyonten/layer_detection/data/raw_opf/P000054.opf/P000054.opf,/Users/tenzinyonten/layer_detection/data/raw_opf/P000054.opf/P000054.opf/layers/v001/Tsawa.yml,/Users/tenzinyonten/layer_detection/data/raw_opf/P000054.opf/P000054.opf/base/v001.txt
P000055,old,True,173,0,0,173,303755,20020,20020,6.590838,117.076,115.0,2,0,0,0,0,ok,,/Users/tenzinyonten/layer_detection/data/raw_opf/P000055.opf/P000055.opf,/Users/tenzinyonten/layer_detection/data/raw_opf/P000055.opf/P000055.opf/layers/v001/Tsawa.yml,/Users/tenzinyonten/layer_detection/data/raw_opf/P000055.opf/P000055.opf/base/v001.txt
P000056,old,True,108,0,0,108,73194,17395,17395,23.765609,161.065,143.0,0,0,0,0,0,ok,,/Users/tenzinyonten/layer_detection/data/raw_opf/P000056.opf/P000056.opf,/Users/tenzinyonten/layer_detection/data/raw_opf/P000056.opf/P000056.opf/layers/v001/Tsawa.yml,/Users/tenzinyonten/layer_detection/data/raw_opf/P000056.opf/P000056.opf/base/v001.txt
P000057,old,False,0,0,0,0,43313,0,0,0.0,,,0,0,0,0,0,no_tsawa_layer,,/Users/tenzinyonten/layer_detection/data/raw_opf/P000057.opf/P000057.opf,,/Users/tenzinyonten/layer_detection/data/raw_opf/P000057.opf/P000057.opf/base/v001.txt
P000058,old,False,0,0,0,0,108411,0,0,0.0,,,0,0,0,0,0,no_tsawa_layer,,/Users/tenzinyonten/layer_detection/data/raw_opf/P000058.opf/P000058.opf,,/Users/tenzinyonten/layer_detection/data/raw_opf/P000058.opf/P000058.opf/base/v001.txt
P000059,old,False,0,0,0,0,220740,0,0,0.0,,,0,0,0,0,0,no_tsawa_layer,,/Users/tenzinyonten/layer_detection/data/raw_opf/P000059.opf/P000059.opf,,/Users/tenzinyonten/layer_detection/data/raw_opf/P000059.opf/P000059.opf/base/v001.txt
P000060,old,False,0,0,0,0,27868,0,0,0.0,,,0,0,0,0,0,no_tsawa_layer,,/Users/tenzinyonten/layer_detection/data/raw_opf/P000060.opf/P000060.opf,,/Users/tenzinyonten/layer_detection/data/raw_opf/P000060.opf/P000060.opf/base/v001.txt
P000061,old,False,0,0,0,0,33581,0,0,0.0,,,0,0,0,0,0,no_tsawa_layer,,/Users/tenzinyonten/layer_detection/data/raw_opf/P000061.opf/P000061.opf,,/Users/tenzinyonten/layer_detection/data/raw_opf/P000061.opf/P000061.opf/base/v001.txt
P000062,old,False,0,0,0,0,8361,0,0,0.0,,,0,0,0,0,0,no_tsawa_layer,,/Users/tenzinyonten/layer_detection/data/raw_opf/P000062.opf/P000062.opf,,/Users/tenzinyonten/layer_detection/data/raw_opf/P000062.opf/P000062.opf/base/v001.txt
P000063,old,False,0,0,0,0,176001,0,0,0.0,,,0,0,0,0,0,no_tsawa_layer,,/Users/tenzinyonten/layer_detection/data/raw_opf/P000063.opf/P000063.opf,,/Users/tenzinyonten/layer_detection/data/raw_opf/P000063.opf/P000063.opf/base/v001.txt
P000064,old,False,0,0,0,0,57324,0,0,0.0,,,0,0,0,0,0,no_tsawa_layer,,/Users/tenzinyonten/layer_detection/data/raw_opf/P000064.opf/P000064.opf,,/Users/tenzinyonten/layer_detection/data/raw_opf/P000064.opf/P000064.opf/base/v001.txt
P000065,old,False,0,0,0,0,213520,0,0,0.0,,,0,0,0,0,0,no_tsawa_layer,,/Users/tenzinyonten/layer_detection/data/raw_opf/P000065.opf/P000065.opf,,/Users/tenzinyonten/layer_detection/data/raw_opf/P000065.opf/P000065.opf/base/v001.txt
P000066,old,True,9,0,0,9,47162,1309,1309,2.77554,145.444,152.0,0,0,0,0,0,ok,,/Users/tenzinyonten/layer_detection/data/raw_opf/P000066.opf/P000066.opf,/Users/tenzinyonten/layer_detection/data/raw_opf/P000066.opf/P000066.opf/layers/v001/Tsawa.yml,/Users/tenzinyonten/layer_detection/data/raw_opf/P000066.opf/P000066.opf/base/v001.txt
P000067,old,True,207,0,0,207,501704,25157,25157,5.014311,121.531,113.0,0,0,0,0,0,ok,,/Users/tenzinyonten/layer_detection/data/raw_opf/P000067.opf/P000067.opf,/Users/tenzinyonten/layer_detection/data/raw_opf/P000067.opf/P000067.opf/layers/v001/Tsawa.yml,/Users/tenzinyonten/layer_detection/data/raw_opf/P000067.opf/P000067.opf/base/v001.txt
P000068,old,True,103,0,0,103,560179,20534,20534,3.665614,199.359,145.0,0,0,0,0,0,ok,,/Users/tenzinyonten/layer_detection/data/raw_opf/P000068.opf/P000068.opf,/Users/tenzinyonten/layer_detection/data/raw_opf/P000068.opf/P000068.opf/layers/v001/Tsawa.yml,/Users/tenzinyonten/layer_detection/data/raw_opf/P000068.opf/P000068.opf/base/v001.txt
P000069,old,False,0,0,0,0,268771,0,0,0.0,,,0,0,0,0,0,no_tsawa_layer,,/Users/tenzinyonten/layer_detection/data/raw_opf/P000069.opf/P000069.opf,,/Users/tenzinyonten/layer_detection/data/raw_opf/P000069.opf/P000069.opf/base/v001.txt
P000070,old,True,79,0,0,79,368106,39754,39754,10.799607,503.215,353.0,0,0,0,0,0,ok,,/Users/tenzinyonten/layer_detection/data/raw_opf/P000070.opf/P000070.opf,/Users/tenzinyonten/layer_detection/data/raw_opf/P000070.opf/P000070.opf/layers/v001/Tsawa.yml,/Users/tenzinyonten/layer_detection/data/raw_opf/P000070.opf/P000070.opf/base/v001.txt
P000071,old,True,82,0,0,82,237897,12208,12208,5.131633,148.878,123.5,0,0,0,0,0,ok,,/Users/tenzinyonten/layer_detection/data/raw_opf/P000071.opf/P000071.opf,/Users/tenzinyonten/layer_detection/data/raw_opf/P000071.opf/P000071.opf/layers/v001/Tsawa.yml,/Users/tenzinyonten/layer_detection/data/raw_opf/P000071.opf/P000071.opf/base/v001.txt
P000072,old,False,0,0,0,0,124808,0,0,0.0,,,0,0,0,0,0,no_tsawa_layer,,/Users/tenzinyonten/layer_detection/data/raw_opf/P000072.opf/P000072.opf,,/Users/tenzinyonten/layer_detection/data/raw_opf/P000072.opf/P000072.opf/base/v001.txt
P000073,old,True,2,0,0,2,564330,600,600,0.106321,300.0,300.0,0,0,0,0,0,ok,,/Users/tenzinyonten/layer_detection/data/raw_opf/P000073.opf/P000073.opf,/Users/tenzinyonten/layer_detection/data/raw_opf/P000073.opf/P000073.opf/layers/v001/Tsawa.yml,/Users/tenzinyonten/layer_detection/data/raw_opf/P000073.opf/P000073.opf/base/v001.txt
P000074,old,True,35,0,0,35,663463,4230,4230,0.637564,120.857,115.0,0,0,0,0,0,ok,,/Users/tenzinyonten/layer_detection/data/raw_opf/P000074.opf/P000074.opf,/Users/tenzinyonten/layer_detection/data/raw_opf/P000074.opf/P000074.opf/layers/v001/Tsawa.yml,/Users/tenzinyonten/layer_detection/data/raw_opf/P000074.opf/P000074.opf/base/v001.txt
P000075,old,False,0,0,0,0,74786,0,0,0.0,,,0,0,0,0,0,no_tsawa_layer,,/Users/tenzinyonten/layer_detection/data/raw_opf/P000075.opf/P000075.opf,,/Users/tenzinyonten/layer_detection/data/raw_opf/P000075.opf/P000075.opf/base/v001.txt
P000076,old,False,0,0,0,0,97793,0,0,0.0,,,0,0,0,0,0,no_tsawa_layer,,/Users/tenzinyonten/layer_detection/data/raw_opf/P000076.opf/P000076.opf,,/Users/tenzinyonten/layer_detection/data/raw_opf/P000076.opf/P000076.opf/base/v001.txt
P000077,old,False,0,0,0,0,136122,0,0,0.0,,,0,0,0,0,0,no_tsawa_layer,,/Users/tenzinyonten/layer_detection/data/raw_opf/P000077.opf/P000077.opf,,/Users/tenzinyonten/layer_detection/data/raw_opf/P000077.opf/P000077.opf/base/v001.txt
P000078,old,True,377,0,0,377,842034,78715,78715,9.348197,208.793,167.0,0,0,0,0,0,ok,,/Users/tenzinyonten/layer_detection/data/raw_opf/P000078.opf/P000078.opf,/Users/tenzinyonten/layer_detection/data/raw_opf/P000078.opf/P000078.opf/layers/v001/Tsawa.yml,/Users/tenzinyonten/layer_detection/data/raw_opf/P000078.opf/P000078.opf/base/v001.txt
P000079,old,False,0,0,0,0,318024,0,0,0.0,,,0,0,0,0,0,no_tsawa_layer,,/Users/tenzinyonten/layer_detection/data/raw_opf/P000079.opf/P000079.opf,,/Users/tenzinyonten/layer_detection/data/raw_opf/P000079.opf/P000079.opf/base/v001.txt
P000080,old,False,0,0,0,0,372493,0,0,0.0,,,0,0,0,0,0,no_tsawa_layer,,/Users/tenzinyonten/layer_detection/data/raw_opf/P000080.opf/P000080.opf,,/Users/tenzinyonten/layer_detection/data/raw_opf/P000080.opf/P000080.opf/base/v001.txt
P000081,old,True,177,0,0,177,473180,50126,50126,10.593432,283.198,176.0,0,0,0,0,0,ok,,/Users/tenzinyonten/layer_detection/data/raw_opf/P000081.opf/P000081.opf,/Users/tenzinyonten/layer_detection/data/raw_opf/P000081.opf/P000081.opf/layers/v001/Tsawa.yml,/Users/tenzinyonten/layer_detection/data/raw_opf/P000081.opf/P000081.opf/base/v001.txt
P000082,old,False,0,0,0,0,12362,0,0,0.0,,,0,0,0,0,0,no_tsawa_layer,,/Users/tenzinyonten/layer_detection/data/raw_opf/P000082.opf/P000082.opf,,/Users/tenzinyonten/layer_detection/data/raw_opf/P000082.opf/P000082.opf/base/v001.txt
P000083,old,True,190,0,0,190,318034,39405,39405,12.390185,207.395,146.0,0,0,0,0,0,ok,,/Users/tenzinyonten/layer_detection/data/raw_opf/P000083.opf/P000083.opf,/Users/tenzinyonten/layer_detection/data/raw_opf/P000083.opf/P000083.opf/layers/v001/Tsawa.yml,/Users/tenzinyonten/layer_detection/data/raw_opf/P000083.opf/P000083.opf/base/v001.txt
P000084,old,True,80,0,0,80,152131,9966,9966,6.550933,124.575,115.0,0,0,0,0,0,ok,,/Users/tenzinyonten/layer_detection/data/raw_opf/P000084.opf/P000084.opf,/Users/tenzinyonten/layer_detection/data/raw_opf/P000084.opf/P000084.opf/layers/v001/Tsawa.yml,/Users/tenzinyonten/layer_detection/data/raw_opf/P000084.opf/P000084.opf/base/v001.txt
P000085,old,True,3,0,0,3,752850,392,392,0.052069,130.667,128.0,0,0,0,0,0,ok,,/Users/tenzinyonten/layer_detection/data/raw_opf/P000085.opf/P000085.opf,/Users/tenzinyonten/layer_detection/data/raw_opf/P000085.opf/P000085.opf/layers/v001/Tsawa.yml,/Users/tenzinyonten/layer_detection/data/raw_opf/P000085.opf/P000085.opf/base/v001.txt
P000086,old,False,0,0,0,0,202274,0,0,0.0,,,0,0,0,0,0,no_tsawa_layer,,/Users/tenzinyonten/layer_detection/data/raw_opf/P000086.opf/P000086.opf,,/Users/tenzinyonten/layer_detection/data/raw_opf/P000086.opf/P000086.opf/base/v001.txt
P000087,old,False,0,0,0,0,694025,0,0,0.0,,,0,0,0,0,0,no_tsawa_layer,,/Users/tenzinyonten/layer_detection/data/raw_opf/P000087.opf/P000087.opf,,/Users/tenzinyonten/layer_detection/data/raw_opf/P000087.opf/P000087.opf/base/v001.txt
P000088,old,False,0,0,0,0,161164,0,0,0.0,,,0,0,0,0,0,no_tsawa_layer,,/Users/tenzinyonten/layer_detection/data/raw_opf/P000088.opf/P000088.opf,,/Users/tenzinyonten/layer_detection/data/raw_opf/P000088.opf/P000088.opf/base/v001.txt
P000089,old,True,7,0,0,7,620370,991,991,0.159743,141.571,154.0,0,0,0,0,0,ok,,/Users/tenzinyonten/layer_detection/data/raw_opf/P000089.opf/P000089.opf,/Users/tenzinyonten/layer_detection/data/raw_opf/P000089.opf/P000089.opf/layers/v001/Tsawa.yml,/Users/tenzinyonten/layer_detection/data/raw_opf/P000089.opf/P000089.opf/base/v001.txt
P000090,old,False,0,0,0,0,255915,0,0,0.0,,,0,0,0,0,0,no_tsawa_layer,,/Users/tenzinyonten/layer_detection/data/raw_opf/P000090.opf/P000090.opf,,/Users/tenzinyonten/layer_detection/data/raw_opf/P000090.opf/P000090.opf/base/v001.txt
P000091,old,False,0,0,0,0,297143,0,0,0.0,,,0,0,0,0,0,no_tsawa_layer,,/Users/tenzinyonten/layer_detection/data/raw_opf/P000091.opf/P000091.opf,,/Users/tenzinyonten/layer_detection/data/raw_opf/P000091.opf/P000091.opf/base/v001.txt
P000092,old,False,0,0,0,0,56245,0,0,0.0,,,0,0,0,0,0,no_tsawa_layer,,/Users/tenzinyonten/layer_detection/data/raw_opf/P000092.opf/P000092.opf,,/Users/tenzinyonten/layer_detection/data/raw_opf/P000092.opf/P000092.opf/base/v001.txt
P000093,old,False,0,0,0,0,245470,0,0,0.0,,,0,0,0,0,0,no_tsawa_layer,,/Users/tenzinyonten/layer_detection/data/raw_opf/P000093.opf/P000093.opf,,/Users/tenzinyonten/layer_detection/data/raw_opf/P000093.opf/P000093.opf/base/v001.txt
P000094,old,True,39,0,0,39,197515,6680,6680,3.382022,171.282,154.0,0,0,0,0,0,ok,,/Users/tenzinyonten/layer_detection/data/raw_opf/P000094.opf/P000094.opf,/Users/tenzinyonten/layer_detection/data/raw_opf/P000094.opf/P000094.opf/layers/v001/Tsawa.yml,/Users/tenzinyonten/layer_detection/data/raw_opf/P000094.opf/P000094.opf/base/v001.txt
P000095,old,False,0,0,0,0,6756,0,0,0.0,,,0,0,0,0,0,no_tsawa_layer,,/Users/tenzinyonten/layer_detection/data/raw_opf/P000095.opf/P000095.opf,,/Users/tenzinyonten/layer_detection/data/raw_opf/P000095.opf/P000095.opf/base/v001.txt
P000096,old,False,0,0,0,0,58310,0,0,0.0,,,0,0,0,0,0,no_tsawa_layer,,/Users/tenzinyonten/layer_detection/data/raw_opf/P000096.opf/P000096.opf,,/Users/tenzinyonten/layer_detection/data/raw_opf/P000096.opf/P000096.opf/base/v001.txt
P000097,old,False,0,0,0,0,59562,0,0,0.0,,,0,0,0,0,0,no_tsawa_layer,,/Users/tenzinyonten/layer_detection/data/raw_opf/P000097.opf/P000097.opf,,/Users/tenzinyonten/layer_detection/data/raw_opf/P000097.opf/P000097.opf/base/v001.txt
P000098,old,True,4,0,0,4,629352,620,620,0.098514,155.0,155.0,0,0,0,0,0,ok,,/Users/tenzinyonten/layer_detection/data/raw_opf/P000098.opf/P000098.opf,/Users/tenzinyonten/layer_detection/data/raw_opf/P000098.opf/P000098.opf/layers/v001/Tsawa.yml,/Users/tenzinyonten/layer_detection/data/raw_opf/P000098.opf/P000098.opf/base/v001.txt
P000099,old,False,0,0,0,0,238013,0,0,0.0,,,0,0,0,0,0,no_tsawa_layer,,/Users/tenzinyonten/layer_detection/data/raw_opf/P000099.opf/P000099.opf,,/Users/tenzinyonten/layer_detection/data/raw_opf/P000099.opf/P000099.opf/base/v001.txt
P000100,old,False,0,0,0,0,111176,0,0,0.0,,,0,0,0,0,0,no_tsawa_layer,,/Users/tenzinyonten/layer_detection/data/raw_opf/P000100.opf/P000100.opf,,/Users/tenzinyonten/layer_detection/data/raw_opf/P000100.opf/P000100.opf/base/v001.txt
P000101,old,True,5,0,0,5,684161,1677,1677,0.245118,335.4,318.0,0,0,0,0,0,ok,,/Users/tenzinyonten/layer_detection/data/raw_opf/P000101.opf/P000101.opf,/Users/tenzinyonten/layer_detection/data/raw_opf/P000101.opf/P000101.opf/layers/v001/Tsawa.yml,/Users/tenzinyonten/layer_detection/data/raw_opf/P000101.opf/P000101.opf/base/v001.txt
P000102,old,False,0,0,0,0,24301,0,0,0.0,,,0,0,0,0,0,no_tsawa_layer,,/Users/tenzinyonten/layer_detection/data/raw_opf/P000102.opf/P000102.opf,,/Users/tenzinyonten/layer_detection/data/raw_opf/P000102.opf/P000102.opf/base/v001.txt
P000103,old,False,0,0,0,0,139761,0,0,0.0,,,0,0,0,0,0,no_tsawa_layer,,/Users/tenzinyonten/layer_detection/data/raw_opf/P000103.opf/P000103.opf,,/Users/tenzinyonten/layer_detection/data/raw_opf/P000103.opf/P000103.opf/base/v001.txt
P000104,old,False,0,0,0,0,153893,0,0,0.0,,,0,0,0,0,0,no_tsawa_layer,,/Users/tenzinyonten/layer_detection/data/raw_opf/P000104.opf/P000104.opf,,/Users/tenzinyonten/layer_detection/data/raw_opf/P000104.opf/P000104.opf/base/v001.txt
P000105,old,False,0,0,0,0,32111,0,0,0.0,,,0,0,0,0,0,no_tsawa_layer,,/Users/tenzinyonten/layer_detection/data/raw_opf/P000105.opf/P000105.opf,,/Users/tenzinyonten/layer_detection/data/raw_opf/P000105.opf/P000105.opf/base/v001.txt
P000106,old,False,0,0,0,0,235634,0,0,0.0,,,0,0,0,0,0,no_tsawa_layer,,/Users/tenzinyonten/layer_detection/data/raw_opf/P000106.opf/P000106.opf,,/Users/tenzinyonten/layer_detection/data/raw_opf/P000106.opf/P000106.opf/base/v001.txt
P000107,old,False,0,0,0,0,63762,0,0,0.0,,,0,0,0,0,0,no_tsawa_layer,,/Users/tenzinyonten/layer_detection/data/raw_opf/P000107.opf/P000107.opf,,/Users/tenzinyonten/layer_detection/data/raw_opf/P000107.opf/P000107.opf/base/v001.txt
P000108,old,False,0,0,0,0,196746,0,0,0.0,,,0,0,0,0,0,no_tsawa_layer,,/Users/tenzinyonten/layer_detection/data/raw_opf/P000108.opf/P000108.opf,,/Users/tenzinyonten/layer_detection/data/raw_opf/P000108.opf/P000108.opf/base/v001.txt
P000109,old,False,0,0,0,0,204435,0,0,0.0,,,0,0,0,0,0,no_tsawa_layer,,/Users/tenzinyonten/layer_detection/data/raw_opf/P000109.opf/P000109.opf,,/Users/tenzinyonten/layer_detection/data/raw_opf/P000109.opf/P000109.opf/base/v001.txt
P000110,old,False,0,0,0,0,117036,0,0,0.0,,,0,0,0,0,0,no_tsawa_layer,,/Users/tenzinyonten/layer_detection/data/raw_opf/P000110.opf/P000110.opf,,/Users/tenzinyonten/layer_detection/data/raw_opf/P000110.opf/P000110.opf/base/v001.txt
P000111,old,True,1,0,0,1,411816,150,150,0.036424,150.0,150.0,0,0,0,0,0,ok,,/Users/tenzinyonten/layer_detection/data/raw_opf/P000111.opf/P000111.opf,/Users/tenzinyonten/layer_detection/data/raw_opf/P000111.opf/P000111.opf/layers/v001/Tsawa.yml,/Users/tenzinyonten/layer_detection/data/raw_opf/P000111.opf/P000111.opf/base/v001.txt
P000112,old,False,0,0,0,0,385956,0,0,0.0,,,0,0,0,0,0,no_tsawa_layer,,/Users/tenzinyonten/layer_detection/data/raw_opf/P000112.opf/P000112.opf,,/Users/tenzinyonten/layer_detection/data/raw_opf/P000112.opf/P000112.opf/base/v001.txt
P000113,old,False,0,0,0,0,100318,0,0,0.0,,,0,0,0,0,0,no_tsawa_layer,,/Users/tenzinyonten/layer_detection/data/raw_opf/P000113.opf/P000113.opf,,/Users/tenzinyonten/layer_detection/data/raw_opf/P000113.opf/P000113.opf/base/v001.txt
P000114,old,True,6,0,0,6,207201,567,567,0.273647,94.5,93.5,0,0,0,0,0,ok,,/Users/tenzinyonten/layer_detection/data/raw_opf/P000114.opf/P000114.opf,/Users/tenzinyonten/layer_detection/data/raw_opf/P000114.opf/P000114.opf/layers/v001/Tsawa.yml,/Users/tenzinyonten/layer_detection/data/raw_opf/P000114.opf/P000114.opf/base/v001.txt
P000115,old,True,1,0,0,1,717305,1688,1688,0.235325,1688.0,1688.0,0,0,0,0,0,ok,,/Users/tenzinyonten/layer_detection/data/raw_opf/P000115.opf/P000115.opf,/Users/tenzinyonten/layer_detection/data/raw_opf/P000115.opf/P000115.opf/layers/v001/Tsawa.yml,/Users/tenzinyonten/layer_detection/data/raw_opf/P000115.opf/P000115.opf/base/v001.txt
P000116,old,False,0,0,0,0,86729,0,0,0.0,,,0,0,0,0,0,no_tsawa_layer,,/Users/tenzinyonten/layer_detection/data/raw_opf/P000116.opf/P000116.opf,,/Users/tenzinyonten/layer_detection/data/raw_opf/P000116.opf/P000116.opf/base/v001.txt
P000117,old,True,86,0,0,86,73460,13392,13392,18.230329,155.721,155.0,0,0,0,0,0,ok,,/Users/tenzinyonten/layer_detection/data/raw_opf/P000117.opf/P000117.opf,/Users/tenzinyonten/layer_detection/data/raw_opf/P000117.opf/P000117.opf/layers/v001/Tsawa.yml,/Users/tenzinyonten/layer_detection/data/raw_opf/P000117.opf/P000117.opf/base/v001.txt
P000118,old,True,52,0,0,52,80775,6800,6800,8.418446,130.769,114.5,0,0,0,0,0,ok,,/Users/tenzinyonten/layer_detection/data/raw_opf/P000118.opf/P000118.opf,/Users/tenzinyonten/layer_detection/data/raw_opf/P000118.opf/P000118.opf/layers/v001/Tsawa.yml,/Users/tenzinyonten/layer_detection/data/raw_opf/P000118.opf/P000118.opf/base/v001.txt
P000119,old,False,0,0,0,0,596151,0,0,0.0,,,0,0,0,0,0,no_tsawa_layer,,/Users/tenzinyonten/layer_detection/data/raw_opf/P000119.opf/P000119.opf,,/Users/tenzinyonten/layer_detection/data/raw_opf/P000119.opf/P000119.opf/base/v001.txt
P000120,old,False,0,0,0,0,134237,0,0,0.0,,,0,0,0,0,0,no_tsawa_layer,,/Users/tenzinyonten/layer_detection/data/raw_opf/P000120.opf/P000120.opf,,/Users/tenzinyonten/layer_detection/data/raw_opf/P000120.opf/P000120.opf/base/v001.txt
P000121,old,False,0,0,0,0,365739,0,0,0.0,,,0,0,0,0,0,no_tsawa_layer,,/Users/tenzinyonten/layer_detection/data/raw_opf/P000121.opf/P000121.opf,,/Users/tenzinyonten/layer_detection/data/raw_opf/P000121.opf/P000121.opf/base/v001.txt
P000122,old,False,0,0,0,0,79820,0,0,0.0,,,0,0,0,0,0,no_tsawa_layer,,/Users/tenzinyonten/layer_detection/data/raw_opf/P000122.opf/P000122.opf,,/Users/tenzinyonten/layer_detection/data/raw_opf/P000122.opf/P000122.opf/base/v001.txt
P000123,old,True,17,0,0,17,403680,2443,2443,0.605182,143.706,121.0,0,0,0,0,0,ok,,/Users/tenzinyonten/layer_detection/data/raw_opf/P000123.opf/P000123.opf,/Users/tenzinyonten/layer_detection/data/raw_opf/P000123.opf/P000123.opf/layers/v001/Tsawa.yml,/Users/tenzinyonten/layer_detection/data/raw_opf/P000123.opf/P000123.opf/base/v001.txt
P000124,old,False,0,0,0,0,6318,0,0,0.0,,,0,0,0,0,0,no_tsawa_layer,,/Users/tenzinyonten/layer_detection/data/raw_opf/P000124.opf/P000124.opf,,/Users/tenzinyonten/layer_detection/data/raw_opf/P000124.opf/P000124.opf/base/v001.txt
P000125,old,False,0,0,0,0,182616,0,0,0.0,,,0,0,0,0,0,no_tsawa_layer,,/Users/tenzinyonten/layer_detection/data/raw_opf/P000125.opf/P000125.opf,,/Users/tenzinyonten/layer_detection/data/raw_opf/P000125.opf/P000125.opf/base/v001.txt
P000126,old,False,0,0,0,0,130481,0,0,0.0,,,0,0,0,0,0,no_tsawa_layer,,/Users/tenzinyonten/layer_detection/data/raw_opf/P000126.opf/P000126.opf,,/Users/tenzinyonten/layer_detection/data/raw_opf/P000126.opf/P000126.opf/base/v001.txt
P000127,old,True,18,0,0,18,213073,4273,4273,2.005416,237.389,157.0,0,0,0,0,0,ok,,/Users/tenzinyonten/layer_detection/data/raw_opf/P000127.opf/P000127.opf,/Users/tenzinyonten/layer_detection/data/raw_opf/P000127.opf/P000127.opf/layers/v001/Tsawa.yml,/Users/tenzinyonten/layer_detection/data/raw_opf/P000127.opf/P000127.opf/base/v001.txt
P000128,old,True,77,0,0,77,118004,18827,18827,15.954544,244.506,149.0,0,0,0,0,0,ok,,/Users/tenzinyonten/layer_detection/data/raw_opf/P000128.opf/P000128.opf,/Users/tenzinyonten/layer_detection/data/raw_opf/P000128.opf/P000128.opf/layers/v001/Tsawa.yml,/Users/tenzinyonten/layer_detection/data/raw_opf/P000128.opf/P000128.opf/base/v001.txt
P000129,old,True,194,0,0,194,502945,55842,55842,11.103003,287.845,162.5,0,0,0,0,0,ok,,/Users/tenzinyonten/layer_detection/data/raw_opf/P000129.opf/P000129.opf,/Users/tenzinyonten/layer_detection/data/raw_opf/P000129.opf/P000129.opf/layers/v001/Tsawa.yml,/Users/tenzinyonten/layer_detection/data/raw_opf/P000129.opf/P000129.opf/base/v001.txt
P000130,old,False,0,0,0,0,601371,0,0,0.0,,,0,0,0,0,0,no_tsawa_layer,,/Users/tenzinyonten/layer_detection/data/raw_opf/P000130.opf/P000130.opf,,/Users/tenzinyonten/layer_detection/data/raw_opf/P000130.opf/P000130.opf/base/v001.txt
P000131,old,False,0,0,0,0,807177,0,0,0.0,,,0,0,0,0,0,no_tsawa_layer,,/Users/tenzinyonten/layer_detection/data/raw_opf/P000131.opf/P000131.opf,,/Users/tenzinyonten/layer_detection/data/raw_opf/P000131.opf/P000131.opf/base/v001.txt
P000132,old,True,88,0,0,88,157152,10196,10196,6.487986,122.843,108.0,5,0,0,0,0,ok,,/Users/tenzinyonten/layer_detection/data/raw_opf/P000132.opf/P000132.opf,/Users/tenzinyonten/layer_detection/data/raw_opf/P000132.opf/P000132.opf/layers/v001/Tsawa.yml,/Users/tenzinyonten/layer_detection/data/raw_opf/P000132.opf/P000132.opf/base/v001.txt
P000133,old,False,0,0,0,0,43207,0,0,0.0,,,0,0,0,0,0,no_tsawa_layer,,/Users/tenzinyonten/layer_detection/data/raw_opf/P000133.opf/P000133.opf,,/Users/tenzinyonten/layer_detection/data/raw_opf/P000133.opf/P000133.opf/base/v001.txt
P000134,old,False,0,0,0,0,26537,0,0,0.0,,,0,0,0,0,0,no_tsawa_layer,,/Users/tenzinyonten/layer_detection/data/raw_opf/P000134.opf/P000134.opf,,/Users/tenzinyonten/layer_detection/data/raw_opf/P000134.opf/P000134.opf/base/v001.txt
P000135,old,True,2,0,0,2,71282,112,112,0.157122,56.0,56.0,0,0,0,0,0,ok,,/Users/tenzinyonten/layer_detection/data/raw_opf/P000135.opf/P000135.opf,/Users/tenzinyonten/layer_detection/data/raw_opf/P000135.opf/P000135.opf/layers/v001/Tsawa.yml,/Users/tenzinyonten/layer_detection/data/raw_opf/P000135.opf/P000135.opf/base/v001.txt
P000136,old,False,0,0,0,0,55472,0,0,0.0,,,0,0,0,0,0,no_tsawa_layer,,/Users/tenzinyonten/layer_detection/data/raw_opf/P000136.opf/P000136.opf,,/Users/tenzinyonten/layer_detection/data/raw_opf/P000136.opf/P000136.opf/base/v001.txt
P000137,old,False,0,0,0,0,69577,0,0,0.0,,,0,0,0,0,0,no_tsawa_layer,,/Users/tenzinyonten/layer_detection/data/raw_opf/P000137.opf/P000137.opf,,/Users/tenzinyonten/layer_detection/data/raw_opf/P000137.opf/P000137.opf/base/v001.txt
P000138,old,False,0,0,0,0,36617,0,0,0.0,,,0,0,0,0,0,no_tsawa_layer,,/Users/tenzinyonten/layer_detection/data/raw_opf/P000138.opf/P000138.opf,,/Users/tenzinyonten/layer_detection/data/raw_opf/P000138.opf/P000138.opf/base/v001.txt
P000139,old,False,0,0,0,0,356550,0,0,0.0,,,0,0,0,0,0,no_tsawa_layer,,/Users/tenzinyonten/layer_detection/data/raw_opf/P000139.opf/P000139.opf,,/Users/tenzinyonten/layer_detection/data/raw_opf/P000139.opf/P000139.opf/base/v001.txt
P000140,old,False,0,0,0,0,654338,0,0,0.0,,,0,0,0,0,0,no_tsawa_layer,,/Users/tenzinyonten/layer_detection/data/raw_opf/P000140.opf/P000140.opf,,/Users/tenzinyonten/layer_detection/data/raw_opf/P000140.opf/P000140.opf/base/v001.txt
P000141,old,True,60,0,0,60,87122,7562,7562,8.679782,126.033,115.5,0,0,0,0,0,ok,,/Users/tenzinyonten/layer_detection/data/raw_opf/P000141.opf/P000141.opf,/Users/tenzinyonten/layer_detection/data/raw_opf/P000141.opf/P000141.opf/layers/v001/Tsawa.yml,/Users/tenzinyonten/layer_detection/data/raw_opf/P000141.opf/P000141.opf/base/v001.txt
P000142,old,False,0,0,0,0,14160,0,0,0.0,,,0,0,0,0,0,no_tsawa_layer,,/Users/tenzinyonten/layer_detection/data/raw_opf/P000142.opf/P000142.opf,,/Users/tenzinyonten/layer_detection/data/raw_opf/P000142.opf/P000142.opf/base/v001.txt
P000143,old,False,0,0,0,0,58655,0,0,0.0,,,0,0,0,0,0,no_tsawa_layer,,/Users/tenzinyonten/layer_detection/data/raw_opf/P000143.opf/P000143.opf,,/Users/tenzinyonten/layer_detection/data/raw_opf/P000143.opf/P000143.opf/base/v001.txt
P000144,old,True,115,0,0,115,247849,20527,20527,8.282059,178.496,144.0,0,0,0,0,0,ok,,/Users/tenzinyonten/layer_detection/data/raw_opf/P000144.opf/P000144.opf,/Users/tenzinyonten/layer_detection/data/raw_opf/P000144.opf/P000144.opf/layers/v001/Tsawa.yml,/Users/tenzinyonten/layer_detection/data/raw_opf/P000144.opf/P000144.opf/base/v001.txt
P000145,old,True,100,0,0,100,248948,17394,17394,6.987001,173.94,121.0,0,0,0,0,0,ok,,/Users/tenzinyonten/layer_detection/data/raw_opf/P000145.opf/P000145.opf,/Users/tenzinyonten/layer_detection/data/raw_opf/P000145.opf/P000145.opf/layers/v001/Tsawa.yml,/Users/tenzinyonten/layer_detection/data/raw_opf/P000145.opf/P000145.opf/base/v001.txt
P000146,old,False,0,0,0,0,2909,0,0,0.0,,,0,0,0,0,0,no_tsawa_layer,,/Users/tenzinyonten/layer_detection/data/raw_opf/P000146.opf/P000146.opf,,/Users/tenzinyonten/layer_detection/data/raw_opf/P000146.opf/P000146.opf/base/v001.txt
P000147,old,False,0,0,0,0,726,0,0,0.0,,,0,0,0,0,0,no_tsawa_layer,,/Users/tenzinyonten/layer_detection/data/raw_opf/P000147.opf/P000147.opf,,/Users/tenzinyonten/layer_detection/data/raw_opf/P000147.opf/P000147.opf/base/v001.txt
P000148,old,False,0,0,0,0,21784,0,0,0.0,,,0,0,0,0,0,no_tsawa_layer,,/Users/tenzinyonten/layer_detection/data/raw_opf/P000148.opf/P000148.opf,,/Users/tenzinyonten/layer_detection/data/raw_opf/P000148.opf/P000148.opf/base/v001.txt
P000149,old,False,0,0,0,0,150357,0,0,0.0,,,0,0,0,0,0,no_tsawa_layer,,/Users/tenzinyonten/layer_detection/data/raw_opf/P000149.opf/P000149.opf,,/Users/tenzinyonten/layer_detection/data/raw_opf/P000149.opf/P000149.opf/base/v001.txt
P000150,old,False,0,0,0,0,49641,0,0,0.0,,,0,0,0,0,0,no_tsawa_layer,,/Users/tenzinyonten/layer_detection/data/raw_opf/P000150.opf/P000150.opf,,/Users/tenzinyonten/layer_detection/data/raw_opf/P000150.opf/P000150.opf/base/v001.txt
P000151,old,True,184,0,0,184,507551,54992,54992,10.834773,298.87,187.5,0,0,0,0,0,ok,,/Users/tenzinyonten/layer_detection/data/raw_opf/P000151.opf/P000151.opf,/Users/tenzinyonten/layer_detection/data/raw_opf/P000151.opf/P000151.opf/layers/v001/Tsawa.yml,/Users/tenzinyonten/layer_detection/data/raw_opf/P000151.opf/P000151.opf/base/v001.txt
P000152,old,False,0,0,0,0,994635,0,0,0.0,,,0,0,0,0,0,no_tsawa_layer,,/Users/tenzinyonten/layer_detection/data/raw_opf/P000152.opf/P000152.opf,,/Users/tenzinyonten/layer_detection/data/raw_opf/P000152.opf/P000152.opf/base/v001.txt
P000153,old,True,117,0,0,117,166973,13223,13223,7.919244,128.379,113.0,14,0,0,0,0,ok,,/Users/tenzinyonten/layer_detection/data/raw_opf/P000153.opf/P000153.opf,/Users/tenzinyonten/layer_detection/data/raw_opf/P000153.opf/P000153.opf/layers/v001/Tsawa.yml,/Users/tenzinyonten/layer_detection/data/raw_opf/P000153.opf/P000153.opf/base/v001.txt
P000154,old,False,0,0,0,0,151608,0,0,0.0,,,0,0,0,0,0,no_tsawa_layer,,/Users/tenzinyonten/layer_detection/data/raw_opf/P000154.opf/P000154.opf,,/Users/tenzinyonten/layer_detection/data/raw_opf/P000154.opf/P000154.opf/base/v001.txt
P000155,old,True,4,0,0,4,161248,345,345,0.213956,86.25,69.5,0,0,0,0,0,ok,,/Users/tenzinyonten/layer_detection/data/raw_opf/P000155.opf/P000155.opf,/Users/tenzinyonten/layer_detection/data/raw_opf/P000155.opf/P000155.opf/layers/v001/Tsawa.yml,/Users/tenzinyonten/layer_detection/data/raw_opf/P000155.opf/P000155.opf/base/v001.txt
P000156,old,False,0,0,0,0,173396,0,0,0.0,,,0,0,0,0,0,no_tsawa_layer,,/Users/tenzinyonten/layer_detection/data/raw_opf/P000156.opf/P000156.opf,,/Users/tenzinyonten/layer_detection/data/raw_opf/P000156.opf/P000156.opf/base/v001.txt
P000157,old,False,0,0,0,0,445773,0,0,0.0,,,0,0,0,0,0,no_tsawa_layer,,/Users/tenzinyonten/layer_detection/data/raw_opf/P000157.opf/P000157.opf,,/Users/tenzinyonten/layer_detection/data/raw_opf/P000157.opf/P000157.opf/base/v001.txt
P000158,old,False,0,0,0,0,251570,0,0,0.0,,,0,0,0,0,0,no_tsawa_layer,,/Users/tenzinyonten/layer_detection/data/raw_opf/P000158.opf/P000158.opf,,/Users/tenzinyonten/layer_detection/data/raw_opf/P000158.opf/P000158.opf/base/v001.txt
P000159,old,False,0,0,0,0,623271,0,0,0.0,,,0,0,0,0,0,no_tsawa_layer,,/Users/tenzinyonten/layer_detection/data/raw_opf/P000159.opf/P000159.opf,,/Users/tenzinyonten/layer_detection/data/raw_opf/P000159.opf/P000159.opf/base/v001.txt
P000160,old,False,0,0,0,0,874282,0,0,0.0,,,0,0,0,0,0,no_tsawa_layer,,/Users/tenzinyonten/layer_detection/data/raw_opf/P000160.opf/P000160.opf,,/Users/tenzinyonten/layer_detection/data/raw_opf/P000160.opf/P000160.opf/base/v001.txt
P000161,old,True,337,0,0,337,537718,57514,57514,10.695941,170.665,151.0,0,0,0,0,0,ok,,/Users/tenzinyonten/layer_detection/data/raw_opf/P000161.opf/P000161.opf,/Users/tenzinyonten/layer_detection/data/raw_opf/P000161.opf/P000161.opf/layers/v001/Tsawa.yml,/Users/tenzinyonten/layer_detection/data/raw_opf/P000161.opf/P000161.opf/base/v001.txt
P000162,old,True,27,0,0,27,194650,4135,4135,2.124326,153.148,153.0,0,0,0,0,0,ok,,/Users/tenzinyonten/layer_detection/data/raw_opf/P000162.opf/P000162.opf,/Users/tenzinyonten/layer_detection/data/raw_opf/P000162.opf/P000162.opf/layers/v001/Tsawa.yml,/Users/tenzinyonten/layer_detection/data/raw_opf/P000162.opf/P000162.opf/base/v001.txt
P000163,old,False,0,0,0,0,105093,0,0,0.0,,,0,0,0,0,0,no_tsawa_layer,,/Users/tenzinyonten/layer_detection/data/raw_opf/P000163.opf/P000163.opf,,/Users/tenzinyonten/layer_detection/data/raw_opf/P000163.opf/P000163.opf/base/v001.txt
P000164,old,True,183,0,0,183,467097,40174,40174,8.600783,219.53,150.0,0,0,0,0,0,ok,,/Users/tenzinyonten/layer_detection/data/raw_opf/P000164.opf/P000164.opf,/Users/tenzinyonten/layer_detection/data/raw_opf/P000164.opf/P000164.opf/layers/v001/Tsawa.yml,/Users/tenzinyonten/layer_detection/data/raw_opf/P000164.opf/P000164.opf/base/v001.txt
P000165,old,False,0,0,0,0,51874,0,0,0.0,,,0,0,0,0,0,no_tsawa_layer,,/Users/tenzinyonten/layer_detection/data/raw_opf/P000165.opf/P000165.opf,,/Users/tenzinyonten/layer_detection/data/raw_opf/P000165.opf/P000165.opf/base/v001.txt
P000166,old,False,0,0,0,0,67371,0,0,0.0,,,0,0,0,0,0,no_tsawa_layer,,/Users/tenzinyonten/layer_detection/data/raw_opf/P000166.opf/P000166.opf,,/Users/tenzinyonten/layer_detection/data/raw_opf/P000166.opf/P000166.opf/base/v001.txt
P000167,old,False,0,0,0,0,10261,0,0,0.0,,,0,0,0,0,0,no_tsawa_layer,,/Users/tenzinyonten/layer_detection/data/raw_opf/P000167.opf/P000167.opf,,/Users/tenzinyonten/layer_detection/data/raw_opf/P000167.opf/P000167.opf/base/v001.txt
P000168,old,True,5,0,0,5,138792,434,434,0.312698,86.8,73.0,0,0,0,0,0,ok,,/Users/tenzinyonten/layer_detection/data/raw_opf/P000168.opf/P000168.opf,/Users/tenzinyonten/layer_detection/data/raw_opf/P000168.opf/P000168.opf/layers/v001/Tsawa.yml,/Users/tenzinyonten/layer_detection/data/raw_opf/P000168.opf/P000168.opf/base/v001.txt
P000169,old,False,0,0,0,0,692709,0,0,0.0,,,0,0,0,0,0,no_tsawa_layer,,/Users/tenzinyonten/layer_detection/data/raw_opf/P000169.opf/P000169.opf,,/Users/tenzinyonten/layer_detection/data/raw_opf/P000169.opf/P000169.opf/base/v001.txt
P000170,old,True,2,0,0,2,207518,328,328,0.158059,164.0,164.0,0,0,0,0,0,ok,,/Users/tenzinyonten/layer_detection/data/raw_opf/P000170.opf/P000170.opf,/Users/tenzinyonten/layer_detection/data/raw_opf/P000170.opf/P000170.opf/layers/v001/Tsawa.yml,/Users/tenzinyonten/layer_detection/data/raw_opf/P000170.opf/P000170.opf/base/v001.txt
P000171,old,False,0,0,0,0,931701,0,0,0.0,,,0,0,0,0,0,no_tsawa_layer,,/Users/tenzinyonten/layer_detection/data/raw_opf/P000171.opf/P000171.opf,,/Users/tenzinyonten/layer_detection/data/raw_opf/P000171.opf/P000171.opf/base/v001.txt
P000172,old,True,8,0,0,8,72237,643,643,0.890126,80.375,59.5,0,0,0,0,0,ok,,/Users/tenzinyonten/layer_detection/data/raw_opf/P000172.opf/P000172.opf,/Users/tenzinyonten/layer_detection/data/raw_opf/P000172.opf/P000172.opf/layers/v001/Tsawa.yml,/Users/tenzinyonten/layer_detection/data/raw_opf/P000172.opf/P000172.opf/base/v001.txt
P000173,old,False,0,0,0,0,115994,0,0,0.0,,,0,0,0,0,0,no_tsawa_layer,,/Users/tenzinyonten/layer_detection/data/raw_opf/P000173.opf/P000173.opf,,/Users/tenzinyonten/layer_detection/data/raw_opf/P000173.opf/P000173.opf/base/v001.txt
P000174,old,False,0,0,0,0,442757,0,0,0.0,,,0,0,0,0,0,no_tsawa_layer,,/Users/tenzinyonten/layer_detection/data/raw_opf/P000174.opf/P000174.opf,,/Users/tenzinyonten/layer_detection/data/raw_opf/P000174.opf/P000174.opf/base/v001.txt
P000175,old,True,281,0,0,281,362606,37774,37774,10.417368,134.427,141.0,0,0,0,0,0,ok,,/Users/tenzinyonten/layer_detection/data/raw_opf/P000175.opf/P000175.opf,/Users/tenzinyonten/layer_detection/data/raw_opf/P000175.opf/P000175.opf/layers/v001/Tsawa.yml,/Users/tenzinyonten/layer_detection/data/raw_opf/P000175.opf/P000175.opf/base/v001.txt
P000176,old,True,1,0,0,1,262016,151,151,0.05763,151.0,151.0,0,0,0,0,0,ok,,/Users/tenzinyonten/layer_detection/data/raw_opf/P000176.opf/P000176.opf,/Users/tenzinyonten/layer_detection/data/raw_opf/P000176.opf/P000176.opf/layers/v001/Tsawa.yml,/Users/tenzinyonten/layer_detection/data/raw_opf/P000176.opf/P000176.opf/base/v001.txt
P000177,old,True,8,0,0,8,288680,1277,1277,0.442358,159.625,128.5,0,0,0,0,0,ok,,/Users/tenzinyonten/layer_detection/data/raw_opf/P000177.opf/P000177.opf,/Users/tenzinyonten/layer_detection/data/raw_opf/P000177.opf/P000177.opf/layers/v001/Tsawa.yml,/Users/tenzinyonten/layer_detection/data/raw_opf/P000177.opf/P000177.opf/base/v001.txt
P000178,old,True,1,0,0,1,47274,62,62,0.13115,62.0,62.0,0,0,0,0,0,ok,,/Users/tenzinyonten/layer_detection/data/raw_opf/P000178.opf/P000178.opf,/Users/tenzinyonten/layer_detection/data/raw_opf/P000178.opf/P000178.opf/layers/v001/Tsawa.yml,/Users/tenzinyonten/layer_detection/data/raw_opf/P000178.opf/P000178.opf/base/v001.txt
P000179,old,True,170,0,0,170,350528,27062,27062,7.720353,159.188,153.0,0,0,0,0,0,ok,,/Users/tenzinyonten/layer_detection/data/raw_opf/P000179.opf/P000179.opf,/Users/tenzinyonten/layer_detection/data/raw_opf/P000179.opf/P000179.opf/layers/v001/Tsawa.yml,/Users/tenzinyonten/layer_detection/data/raw_opf/P000179.opf/P000179.opf/base/v001.txt
P000180,old,True,1,0,0,1,307762,112,112,0.036392,112.0,112.0,0,0,0,0,0,ok,,/Users/tenzinyonten/layer_detection/data/raw_opf/P000180.opf/P000180.opf,/Users/tenzinyonten/layer_detection/data/raw_opf/P000180.opf/P000180.opf/layers/v001/Tsawa.yml,/Users/tenzinyonten/layer_detection/data/raw_opf/P000180.opf/P000180.opf/base/v001.txt
P000182,old,False,0,0,0,0,57810,0,0,0.0,,,0,0,0,0,0,no_tsawa_layer,,/Users/tenzinyonten/layer_detection/data/raw_opf/P000182.opf/P000182.opf,,/Users/tenzinyonten/layer_detection/data/raw_opf/P000182.opf/P000182.opf/base/v001.txt
P000183,old,False,0,0,0,0,597116,0,0,0.0,,,0,0,0,0,0,no_tsawa_layer,,/Users/tenzinyonten/layer_detection/data/raw_opf/P000183.opf/P000183.opf,,/Users/tenzinyonten/layer_detection/data/raw_opf/P000183.opf/P000183.opf/base/v001.txt
P000184,old,False,0,0,0,0,29895,0,0,0.0,,,0,0,0,0,0,no_tsawa_layer,,/Users/tenzinyonten/layer_detection/data/raw_opf/P000184.opf/P000184.opf,,/Users/tenzinyonten/layer_detection/data/raw_opf/P000184.opf/P000184.opf/base/v001.txt
P000185,old,True,56,0,0,56,143370,7502,7502,5.232615,133.964,129.5,0,0,0,0,0,ok,,/Users/tenzinyonten/layer_detection/data/raw_opf/P000185.opf/P000185.opf,/Users/tenzinyonten/layer_detection/data/raw_opf/P000185.opf/P000185.opf/layers/v001/Tsawa.yml,/Users/tenzinyonten/layer_detection/data/raw_opf/P000185.opf/P000185.opf/base/v001.txt
P000186,old,False,0,0,0,0,323606,0,0,0.0,,,0,0,0,0,0,no_tsawa_layer,,/Users/tenzinyonten/layer_detection/data/raw_opf/P000186.opf/P000186.opf,,/Users/tenzinyonten/layer_detection/data/raw_opf/P000186.opf/P000186.opf/base/v001.txt
P000187,old,False,0,0,0,0,15409,0,0,0.0,,,0,0,0,0,0,no_tsawa_layer,,/Users/tenzinyonten/layer_detection/data/raw_opf/P000187.opf/P000187.opf,,/Users/tenzinyonten/layer_detection/data/raw_opf/P000187.opf/P000187.opf/base/v001.txt
P000188,old,True,3,0,0,3,216193,385,385,0.178082,128.333,144.0,0,0,0,0,0,ok,,/Users/tenzinyonten/layer_detection/data/raw_opf/P000188.opf/P000188.opf,/Users/tenzinyonten/layer_detection/data/raw_opf/P000188.opf/P000188.opf/layers/v001/Tsawa.yml,/Users/tenzinyonten/layer_detection/data/raw_opf/P000188.opf/P000188.opf/base/v001.txt
P000189,old,True,2,0,0,2,24724,107,107,0.432778,53.5,53.5,0,0,0,0,0,ok,,/Users/tenzinyonten/layer_detection/data/raw_opf/P000189.opf/P000189.opf,/Users/tenzinyonten/layer_detection/data/raw_opf/P000189.opf/P000189.opf/layers/v001/Tsawa.yml,/Users/tenzinyonten/layer_detection/data/raw_opf/P000189.opf/P000189.opf/base/v001.txt
P000190,old,False,0,0,0,0,11234,0,0,0.0,,,0,0,0,0,0,no_tsawa_layer,,/Users/tenzinyonten/layer_detection/data/raw_opf/P000190.opf/P000190.opf,,/Users/tenzinyonten/layer_detection/data/raw_opf/P000190.opf/P000190.opf/base/v001.txt
P000191,old,False,0,0,0,0,20938,0,0,0.0,,,0,0,0,0,0,no_tsawa_layer,,/Users/tenzinyonten/layer_detection/data/raw_opf/P000191.opf/P000191.opf,,/Users/tenzinyonten/layer_detection/data/raw_opf/P000191.opf/P000191.opf/base/v001.txt
P000192,old,False,0,0,0,0,162559,0,0,0.0,,,0,0,0,0,0,no_tsawa_layer,,/Users/tenzinyonten/layer_detection/data/raw_opf/P000192.opf/P000192.opf,,/Users/tenzinyonten/layer_detection/data/raw_opf/P000192.opf/P000192.opf/base/v001.txt
P000193,old,True,12,0,0,12,176415,1534,1534,0.869541,127.833,112.0,0,0,0,0,0,ok,,/Users/tenzinyonten/layer_detection/data/raw_opf/P000193.opf/P000193.opf,/Users/tenzinyonten/layer_detection/data/raw_opf/P000193.opf/P000193.opf/layers/v001/Tsawa.yml,/Users/tenzinyonten/layer_detection/data/raw_opf/P000193.opf/P000193.opf/base/v001.txt
P000194,old,True,5,0,0,5,19446,507,507,2.60722,101.4,97.0,0,0,0,0,0,ok,,/Users/tenzinyonten/layer_detection/data/raw_opf/P000194.opf/P000194.opf,/Users/tenzinyonten/layer_detection/data/raw_opf/P000194.opf/P000194.opf/layers/v001/Tsawa.yml,/Users/tenzinyonten/layer_detection/data/raw_opf/P000194.opf/P000194.opf/base/v001.txt
P000195,old,True,252,0,0,252,299336,54952,54952,18.357966,225.213,185.0,8,0,0,0,0,ok,,/Users/tenzinyonten/layer_detection/data/raw_opf/P000195.opf/P000195.opf,/Users/tenzinyonten/layer_detection/data/raw_opf/P000195.opf/P000195.opf/layers/v001/Tsawa.yml,/Users/tenzinyonten/layer_detection/data/raw_opf/P000195.opf/P000195.opf/base/v001.txt
P000196,old,False,0,0,0,0,225392,0,0,0.0,,,0,0,0,0,0,no_tsawa_layer,,/Users/tenzinyonten/layer_detection/data/raw_opf/P000196.opf/P000196.opf,,/Users/tenzinyonten/layer_detection/data/raw_opf/P000196.opf/P000196.opf/base/v001.txt
P000197,old,False,0,0,0,0,216648,0,0,0.0,,,0,0,0,0,0,no_tsawa_layer,,/Users/tenzinyonten/layer_detection/data/raw_opf/P000197.opf/P000197.opf,,/Users/tenzinyonten/layer_detection/data/raw_opf/P000197.opf/P000197.opf/base/v001.txt
P000198,old,False,0,0,0,0,647176,0,0,0.0,,,0,0,0,0,0,no_tsawa_layer,,/Users/tenzinyonten/layer_detection/data/raw_opf/P000198.opf/P000198.opf,,/Users/tenzinyonten/layer_detection/data/raw_opf/P000198.opf/P000198.opf/base/v001.txt
P000199,old,True,188,0,0,188,702627,25598,25598,3.643185,136.888,146.0,1,0,0,0,0,ok,,/Users/tenzinyonten/layer_detection/data/raw_opf/P000199.opf/P000199.opf,/Users/tenzinyonten/layer_detection/data/raw_opf/P000199.opf/P000199.opf/layers/v001/Tsawa.yml,/Users/tenzinyonten/layer_detection/data/raw_opf/P000199.opf/P000199.opf/base/v001.txt
P000200,old,True,2,0,0,2,124473,121,121,0.09721,60.5,60.5,0,0,0,0,0,ok,,/Users/tenzinyonten/layer_detection/data/raw_opf/P000200.opf/P000200.opf,/Users/tenzinyonten/layer_detection/data/raw_opf/P000200.opf/P000200.opf/layers/v001/Tsawa.yml,/Users/tenzinyonten/layer_detection/data/raw_opf/P000200.opf/P000200.opf/base/v001.txt
P000201,old,True,5,0,0,5,17663,3428,3428,19.407802,685.6,302.0,0,0,0,0,0,ok,,/Users/tenzinyonten/layer_detection/data/raw_opf/P000201.opf/P000201.opf,/Users/tenzinyonten/layer_detection/data/raw_opf/P000201.opf/P000201.opf/layers/v001/Tsawa.yml,/Users/tenzinyonten/layer_detection/data/raw_opf/P000201.opf/P000201.opf/base/v001.txt
P000202,old,False,0,0,0,0,12714,0,0,0.0,,,0,0,0,0,0,no_tsawa_layer,,/Users/tenzinyonten/layer_detection/data/raw_opf/P000202.opf/P000202.opf,,/Users/tenzinyonten/layer_detection/data/raw_opf/P000202.opf/P000202.opf/base/v001.txt
P000203,old,True,103,0,0,103,178374,12777,12777,7.163039,125.265,109.0,1,0,0,0,0,ok,,/Users/tenzinyonten/layer_detection/data/raw_opf/P000203.opf/P000203.opf,/Users/tenzinyonten/layer_detection/data/raw_opf/P000203.opf/P000203.opf/layers/v001/Tsawa.yml,/Users/tenzinyonten/layer_detection/data/raw_opf/P000203.opf/P000203.opf/base/v001.txt
P000204,old,True,7,0,0,7,314590,1052,1052,0.334404,150.286,149.0,0,0,0,0,0,ok,,/Users/tenzinyonten/layer_detection/data/raw_opf/P000204.opf/P000204.opf,/Users/tenzinyonten/layer_detection/data/raw_opf/P000204.opf/P000204.opf/layers/v001/Tsawa.yml,/Users/tenzinyonten/layer_detection/data/raw_opf/P000204.opf/P000204.opf/base/v001.txt
P000205,old,False,0,0,0,0,585122,0,0,0.0,,,0,0,0,0,0,no_tsawa_layer,,/Users/tenzinyonten/layer_detection/data/raw_opf/P000205.opf/P000205.opf,,/Users/tenzinyonten/layer_detection/data/raw_opf/P000205.opf/P000205.opf/base/v001.txt
P000206,old,False,0,0,0,0,134345,0,0,0.0,,,0,0,0,0,0,no_tsawa_layer,,/Users/tenzinyonten/layer_detection/data/raw_opf/P000206.opf/P000206.opf,,/Users/tenzinyonten/layer_detection/data/raw_opf/P000206.opf/P000206.opf/base/v001.txt
P000207,old,True,130,0,0,130,278772,15151,15151,5.434907,117.45,108.0,1,0,0,0,0,ok,,/Users/tenzinyonten/layer_detection/data/raw_opf/P000207.opf/P000207.opf,/Users/tenzinyonten/layer_detection/data/raw_opf/P000207.opf/P000207.opf/layers/v001/Tsawa.yml,/Users/tenzinyonten/layer_detection/data/raw_opf/P000207.opf/P000207.opf/base/v001.txt
P000208,old,False,0,0,0,0,19586,0,0,0.0,,,0,0,0,0,0,no_tsawa_layer,,/Users/tenzinyonten/layer_detection/data/raw_opf/P000208.opf/P000208.opf,,/Users/tenzinyonten/layer_detection/data/raw_opf/P000208.opf/P000208.opf/base/v001.txt
P000209,old,False,0,0,0,0,45521,0,0,0.0,,,0,0,0,0,0,no_tsawa_layer,,/Users/tenzinyonten/layer_detection/data/raw_opf/P000209.opf/P000209.opf,,/Users/tenzinyonten/layer_detection/data/raw_opf/P000209.opf/P000209.opf/base/v001.txt
P000210,old,False,0,0,0,0,39887,0,0,0.0,,,0,0,0,0,0,no_tsawa_layer,,/Users/tenzinyonten/layer_detection/data/raw_opf/P000210.opf/P000210.opf,,/Users/tenzinyonten/layer_detection/data/raw_opf/P000210.opf/P000210.opf/base/v001.txt
P000211,old,False,0,0,0,0,200688,0,0,0.0,,,0,0,0,0,0,no_tsawa_layer,,/Users/tenzinyonten/layer_detection/data/raw_opf/P000211.opf/P000211.opf,,/Users/tenzinyonten/layer_detection/data/raw_opf/P000211.opf/P000211.opf/base/v001.txt
P000212,old,False,0,0,0,0,11080,0,0,0.0,,,0,0,0,0,0,no_tsawa_layer,,/Users/tenzinyonten/layer_detection/data/raw_opf/P000212.opf/P000212.opf,,/Users/tenzinyonten/layer_detection/data/raw_opf/P000212.opf/P000212.opf/base/v001.txt
P000213,old,True,165,0,0,165,153585,19656,19656,12.798125,119.127,119.0,0,0,0,0,0,ok,,/Users/tenzinyonten/layer_detection/data/raw_opf/P000213.opf/P000213.opf,/Users/tenzinyonten/layer_detection/data/raw_opf/P000213.opf/P000213.opf/layers/v001/Tsawa.yml,/Users/tenzinyonten/layer_detection/data/raw_opf/P000213.opf/P000213.opf/base/v001.txt
P000214,old,False,0,0,0,0,243017,0,0,0.0,,,0,0,0,0,0,no_tsawa_layer,,/Users/tenzinyonten/layer_detection/data/raw_opf/P000214.opf/P000214.opf,,/Users/tenzinyonten/layer_detection/data/raw_opf/P000214.opf/P000214.opf/base/v001.txt
P000215,old,True,17,0,0,17,164993,5844,5844,3.541968,343.765,152.0,0,0,0,0,0,ok,,/Users/tenzinyonten/layer_detection/data/raw_opf/P000215.opf/P000215.opf,/Users/tenzinyonten/layer_detection/data/raw_opf/P000215.opf/P000215.opf/layers/v001/Tsawa.yml,/Users/tenzinyonten/layer_detection/data/raw_opf/P000215.opf/P000215.opf/base/v001.txt
P000216,old,False,0,0,0,0,200124,0,0,0.0,,,0,0,0,0,0,no_tsawa_layer,,/Users/tenzinyonten/layer_detection/data/raw_opf/P000216.opf/P000216.opf,,/Users/tenzinyonten/layer_detection/data/raw_opf/P000216.opf/P000216.opf/base/v001.txt
P000217,old,True,2,0,0,2,54308,426,426,0.784415,213.0,213.0,0,0,0,0,0,ok,,/Users/tenzinyonten/layer_detection/data/raw_opf/P000217.opf/P000217.opf,/Users/tenzinyonten/layer_detection/data/raw_opf/P000217.opf/P000217.opf/layers/v001/Tsawa.yml,/Users/tenzinyonten/layer_detection/data/raw_opf/P000217.opf/P000217.opf/base/v001.txt
P000218,old,True,22,0,0,22,847725,3497,3497,0.412516,158.955,157.0,0,0,0,0,0,ok,,/Users/tenzinyonten/layer_detection/data/raw_opf/P000218.opf/P000218.opf,/Users/tenzinyonten/layer_detection/data/raw_opf/P000218.opf/P000218.opf/layers/v001/Tsawa.yml,/Users/tenzinyonten/layer_detection/data/raw_opf/P000218.opf/P000218.opf/base/v001.txt
P000219,old,True,27,0,0,27,335434,4085,4085,1.217825,151.296,139.0,0,0,0,0,0,ok,,/Users/tenzinyonten/layer_detection/data/raw_opf/P000219.opf/P000219.opf,/Users/tenzinyonten/layer_detection/data/raw_opf/P000219.opf/P000219.opf/layers/v001/Tsawa.yml,/Users/tenzinyonten/layer_detection/data/raw_opf/P000219.opf/P000219.opf/base/v001.txt
P000220,old,False,0,0,0,0,393760,0,0,0.0,,,0,0,0,0,0,no_tsawa_layer,,/Users/tenzinyonten/layer_detection/data/raw_opf/P000220.opf/P000220.opf,,/Users/tenzinyonten/layer_detection/data/raw_opf/P000220.opf/P000220.opf/base/v001.txt
P000221,old,False,0,0,0,0,528386,0,0,0.0,,,0,0,0,0,0,no_tsawa_layer,,/Users/tenzinyonten/layer_detection/data/raw_opf/P000221.opf/P000221.opf,,/Users/tenzinyonten/layer_detection/data/raw_opf/P000221.opf/P000221.opf/base/v001.txt
P000222,old,False,0,0,0,0,23692,0,0,0.0,,,0,0,0,0,0,no_tsawa_layer,,/Users/tenzinyonten/layer_detection/data/raw_opf/P000222.opf/P000222.opf,,/Users/tenzinyonten/layer_detection/data/raw_opf/P000222.opf/P000222.opf/base/v001.txt
P000223,old,False,0,0,0,0,77063,0,0,0.0,,,0,0,0,0,0,no_tsawa_layer,,/Users/tenzinyonten/layer_detection/data/raw_opf/P000223.opf/P000223.opf,,/Users/tenzinyonten/layer_detection/data/raw_opf/P000223.opf/P000223.opf/base/v001.txt
P000224,old,True,338,0,0,338,788838,41356,41356,5.242648,122.718,112.0,1,0,0,0,0,ok,,/Users/tenzinyonten/layer_detection/data/raw_opf/P000224.opf/P000224.opf,/Users/tenzinyonten/layer_detection/data/raw_opf/P000224.opf/P000224.opf/layers/v001/Tsawa.yml,/Users/tenzinyonten/layer_detection/data/raw_opf/P000224.opf/P000224.opf/base/v001.txt
P000225,old,True,31,0,0,31,619695,4377,4377,0.706315,141.194,81.0,0,0,0,0,0,ok,,/Users/tenzinyonten/layer_detection/data/raw_opf/P000225.opf/P000225.opf,/Users/tenzinyonten/layer_detection/data/raw_opf/P000225.opf/P000225.opf/layers/v001/Tsawa.yml,/Users/tenzinyonten/layer_detection/data/raw_opf/P000225.opf/P000225.opf/base/v001.txt
P000226,old,True,2,0,0,2,386581,266,266,0.068808,133.0,133.0,0,0,0,0,0,ok,,/Users/tenzinyonten/layer_detection/data/raw_opf/P000226.opf/P000226.opf,/Users/tenzinyonten/layer_detection/data/raw_opf/P000226.opf/P000226.opf/layers/v001/Tsawa.yml,/Users/tenzinyonten/layer_detection/data/raw_opf/P000226.opf/P000226.opf/base/v001.txt
P000227,old,False,0,0,0,0,452155,0,0,0.0,,,0,0,0,0,0,no_tsawa_layer,,/Users/tenzinyonten/layer_detection/data/raw_opf/P000227.opf/P000227.opf,,/Users/tenzinyonten/layer_detection/data/raw_opf/P000227.opf/P000227.opf/base/v001.txt
P000228,old,False,0,0,0,0,18941,0,0,0.0,,,0,0,0,0,0,no_tsawa_layer,,/Users/tenzinyonten/layer_detection/data/raw_opf/P000228.opf/P000228.opf,,/Users/tenzinyonten/layer_detection/data/raw_opf/P000228.opf/P000228.opf/base/v001.txt
P000229,old,False,0,0,0,0,457311,0,0,0.0,,,0,0,0,0,0,no_tsawa_layer,,/Users/tenzinyonten/layer_detection/data/raw_opf/P000229.opf/P000229.opf,,/Users/tenzinyonten/layer_detection/data/raw_opf/P000229.opf/P000229.opf/base/v001.txt
P000230,old,True,4,0,0,4,361653,1408,1408,0.389323,352.0,326.5,0,0,0,0,0,ok,,/Users/tenzinyonten/layer_detection/data/raw_opf/P000230.opf/P000230.opf,/Users/tenzinyonten/layer_detection/data/raw_opf/P000230.opf/P000230.opf/layers/v001/Tsawa.yml,/Users/tenzinyonten/layer_detection/data/raw_opf/P000230.opf/P000230.opf/base/v001.txt
P000231,old,False,0,0,0,0,207523,0,0,0.0,,,0,0,0,0,0,no_tsawa_layer,,/Users/tenzinyonten/layer_detection/data/raw_opf/P000231.opf/P000231.opf,,/Users/tenzinyonten/layer_detection/data/raw_opf/P000231.opf/P000231.opf/base/v001.txt
P000232,old,False,0,0,0,0,8442,0,0,0.0,,,0,0,0,0,0,no_tsawa_layer,,/Users/tenzinyonten/layer_detection/data/raw_opf/P000232.opf/P000232.opf,,/Users/tenzinyonten/layer_detection/data/raw_opf/P000232.opf/P000232.opf/base/v001.txt
P000233,old,False,0,0,0,0,18481,0,0,0.0,,,0,0,0,0,0,no_tsawa_layer,,/Users/tenzinyonten/layer_detection/data/raw_opf/P000233.opf/P000233.opf,,/Users/tenzinyonten/layer_detection/data/raw_opf/P000233.opf/P000233.opf/base/v001.txt
P000234,old,False,0,0,0,0,351660,0,0,0.0,,,0,0,0,0,0,no_tsawa_layer,,/Users/tenzinyonten/layer_detection/data/raw_opf/P000234.opf/P000234.opf,,/Users/tenzinyonten/layer_detection/data/raw_opf/P000234.opf/P000234.opf/base/v001.txt
P000235,old,False,0,0,0,0,499135,0,0,0.0,,,0,0,0,0,0,no_tsawa_layer,,/Users/tenzinyonten/layer_detection/data/raw_opf/P000235.opf/P000235.opf,,/Users/tenzinyonten/layer_detection/data/raw_opf/P000235.opf/P000235.opf/base/v001.txt
P000236,old,False,0,0,0,0,524770,0,0,0.0,,,0,0,0,0,0,no_tsawa_layer,,/Users/tenzinyonten/layer_detection/data/raw_opf/P000236.opf/P000236.opf,,/Users/tenzinyonten/layer_detection/data/raw_opf/P000236.opf/P000236.opf/base/v001.txt
P000237,old,True,28,0,0,28,148092,8541,8541,5.767361,305.036,153.0,0,0,0,0,0,ok,,/Users/tenzinyonten/layer_detection/data/raw_opf/P000237.opf/P000237.opf,/Users/tenzinyonten/layer_detection/data/raw_opf/P000237.opf/P000237.opf/layers/v001/Tsawa.yml,/Users/tenzinyonten/layer_detection/data/raw_opf/P000237.opf/P000237.opf/base/v001.txt
P000238,old,False,0,0,0,0,384560,0,0,0.0,,,0,0,0,0,0,no_tsawa_layer,,/Users/tenzinyonten/layer_detection/data/raw_opf/P000238.opf/P000238.opf,,/Users/tenzinyonten/layer_detection/data/raw_opf/P000238.opf/P000238.opf/base/v001.txt
P000239,old,False,0,0,0,0,206608,0,0,0.0,,,0,0,0,0,0,no_tsawa_layer,,/Users/tenzinyonten/layer_detection/data/raw_opf/P000239.opf/P000239.opf,,/Users/tenzinyonten/layer_detection/data/raw_opf/P000239.opf/P000239.opf/base/v001.txt
P000240,old,False,0,0,0,0,792151,0,0,0.0,,,0,0,0,0,0,no_tsawa_layer,,/Users/tenzinyonten/layer_detection/data/raw_opf/P000240.opf/P000240.opf,,/Users/tenzinyonten/layer_detection/data/raw_opf/P000240.opf/P000240.opf/base/v001.txt
P000241,old,True,23,0,0,23,512916,6123,6123,1.193763,266.217,149.0,0,0,0,0,0,ok,,/Users/tenzinyonten/layer_detection/data/raw_opf/P000241.opf/P000241.opf,/Users/tenzinyonten/layer_detection/data/raw_opf/P000241.opf/P000241.opf/layers/v001/Tsawa.yml,/Users/tenzinyonten/layer_detection/data/raw_opf/P000241.opf/P000241.opf/base/v001.txt
P000242,old,True,171,0,0,171,463558,38473,38473,8.299501,224.988,151.0,0,0,0,0,0,ok,,/Users/tenzinyonten/layer_detection/data/raw_opf/P000242.opf/P000242.opf,/Users/tenzinyonten/layer_detection/data/raw_opf/P000242.opf/P000242.opf/layers/v001/Tsawa.yml,/Users/tenzinyonten/layer_detection/data/raw_opf/P000242.opf/P000242.opf/base/v001.txt
P000243,old,False,0,0,0,0,94369,0,0,0.0,,,0,0,0,0,0,no_tsawa_layer,,/Users/tenzinyonten/layer_detection/data/raw_opf/P000243.opf/P000243.opf,,/Users/tenzinyonten/layer_detection/data/raw_opf/P000243.opf/P000243.opf/base/v001.txt
P000244,old,False,0,0,0,0,6941,0,0,0.0,,,0,0,0,0,0,no_tsawa_layer,,/Users/tenzinyonten/layer_detection/data/raw_opf/P000244.opf/P000244.opf,,/Users/tenzinyonten/layer_detection/data/raw_opf/P000244.opf/P000244.opf/base/v001.txt
P000245,old,False,0,0,0,0,442414,0,0,0.0,,,0,0,0,0,0,no_tsawa_layer,,/Users/tenzinyonten/layer_detection/data/raw_opf/P000245.opf/P000245.opf,,/Users/tenzinyonten/layer_detection/data/raw_opf/P000245.opf/P000245.opf/base/v001.txt
P000246,old,True,264,0,0,264,733082,116742,116742,15.924822,442.205,166.5,0,0,0,0,0,ok,,/Users/tenzinyonten/layer_detection/data/raw_opf/P000246.opf/P000246.opf,/Users/tenzinyonten/layer_detection/data/raw_opf/P000246.opf/P000246.opf/layers/v001/Tsawa.yml,/Users/tenzinyonten/layer_detection/data/raw_opf/P000246.opf/P000246.opf/base/v001.txt
P000247,old,False,0,0,0,0,66281,0,0,0.0,,,0,0,0,0,0,no_tsawa_layer,,/Users/tenzinyonten/layer_detection/data/raw_opf/P000247.opf/P000247.opf,,/Users/tenzinyonten/layer_detection/data/raw_opf/P000247.opf/P000247.opf/base/v001.txt
P000248,old,False,0,0,0,0,18132,0,0,0.0,,,0,0,0,0,0,no_tsawa_layer,,/Users/tenzinyonten/layer_detection/data/raw_opf/P000248.opf/P000248.opf,,/Users/tenzinyonten/layer_detection/data/raw_opf/P000248.opf/P000248.opf/base/v001.txt
P000249,old,False,0,0,0,0,4881,0,0,0.0,,,0,0,0,0,0,no_tsawa_layer,,/Users/tenzinyonten/layer_detection/data/raw_opf/P000249.opf/P000249.opf,,/Users/tenzinyonten/layer_detection/data/raw_opf/P000249.opf/P000249.opf/base/v001.txt
P000250,old,False,0,0,0,0,126461,0,0,0.0,,,0,0,0,0,0,no_tsawa_layer,,/Users/tenzinyonten/layer_detection/data/raw_opf/P000250.opf/P000250.opf,,/Users/tenzinyonten/layer_detection/data/raw_opf/P000250.opf/P000250.opf/base/v001.txt
P000251,old,True,5,0,0,5,33156,574,574,1.73121,114.8,141.0,0,0,0,0,0,ok,,/Users/tenzinyonten/layer_detection/data/raw_opf/P000251.opf/P000251.opf,/Users/tenzinyonten/layer_detection/data/raw_opf/P000251.opf/P000251.opf/layers/v001/Tsawa.yml,/Users/tenzinyonten/layer_detection/data/raw_opf/P000251.opf/P000251.opf/base/v001.txt
P000252,old,False,0,0,0,0,32389,0,0,0.0,,,0,0,0,0,0,no_tsawa_layer,,/Users/tenzinyonten/layer_detection/data/raw_opf/P000252.opf/P000252.opf,,/Users/tenzinyonten/layer_detection/data/raw_opf/P000252.opf/P000252.opf/base/v001.txt
P000253,old,True,7,0,0,7,74090,5154,5154,6.956404,736.286,330.0,0,0,0,0,0,ok,,/Users/tenzinyonten/layer_detection/data/raw_opf/P000253.opf/P000253.opf,/Users/tenzinyonten/layer_detection/data/raw_opf/P000253.opf/P000253.opf/layers/v001/Tsawa.yml,/Users/tenzinyonten/layer_detection/data/raw_opf/P000253.opf/P000253.opf/base/v001.txt
P000254,old,True,8,0,0,8,223408,1070,1070,0.478944,133.75,125.0,0,0,0,0,0,ok,,/Users/tenzinyonten/layer_detection/data/raw_opf/P000254.opf/P000254.opf,/Users/tenzinyonten/layer_detection/data/raw_opf/P000254.opf/P000254.opf/layers/v001/Tsawa.yml,/Users/tenzinyonten/layer_detection/data/raw_opf/P000254.opf/P000254.opf/base/v001.txt
P000255,old,False,0,0,0,0,32564,0,0,0.0,,,0,0,0,0,0,no_tsawa_layer,,/Users/tenzinyonten/layer_detection/data/raw_opf/P000255.opf/P000255.opf,,/Users/tenzinyonten/layer_detection/data/raw_opf/P000255.opf/P000255.opf/base/v001.txt
P000256,old,False,0,0,0,0,11578,0,0,0.0,,,0,0,0,0,0,no_tsawa_layer,,/Users/tenzinyonten/layer_detection/data/raw_opf/P000256.opf/P000256.opf,,/Users/tenzinyonten/layer_detection/data/raw_opf/P000256.opf/P000256.opf/base/v001.txt
P000257,old,False,0,0,0,0,4824,0,0,0.0,,,0,0,0,0,0,no_tsawa_layer,,/Users/tenzinyonten/layer_detection/data/raw_opf/P000257.opf/P000257.opf,,/Users/tenzinyonten/layer_detection/data/raw_opf/P000257.opf/P000257.opf/base/v001.txt
P000258,old,False,0,0,0,0,325819,0,0,0.0,,,0,0,0,0,0,no_tsawa_layer,,/Users/tenzinyonten/layer_detection/data/raw_opf/P000258.opf/P000258.opf,,/Users/tenzinyonten/layer_detection/data/raw_opf/P000258.opf/P000258.opf/base/v001.txt
P000259,old,True,176,0,0,176,137046,18885,18885,13.780045,107.301,113.0,0,0,0,0,0,ok,,/Users/tenzinyonten/layer_detection/data/raw_opf/P000259.opf/P000259.opf,/Users/tenzinyonten/layer_detection/data/raw_opf/P000259.opf/P000259.opf/layers/v001/Tsawa.yml,/Users/tenzinyonten/layer_detection/data/raw_opf/P000259.opf/P000259.opf/base/v001.txt
P000260,old,False,0,0,0,0,29006,0,0,0.0,,,0,0,0,0,0,no_tsawa_layer,,/Users/tenzinyonten/layer_detection/data/raw_opf/P000260.opf/P000260.opf,,/Users/tenzinyonten/layer_detection/data/raw_opf/P000260.opf/P000260.opf/base/v001.txt
P000261,old,False,0,0,0,0,6786,0,0,0.0,,,0,0,0,0,0,no_tsawa_layer,,/Users/tenzinyonten/layer_detection/data/raw_opf/P000261.opf/P000261.opf,,/Users/tenzinyonten/layer_detection/data/raw_opf/P000261.opf/P000261.opf/base/v001.txt
P000262,old,False,0,0,0,0,61163,0,0,0.0,,,0,0,0,0,0,no_tsawa_layer,,/Users/tenzinyonten/layer_detection/data/raw_opf/P000262.opf/P000262.opf,,/Users/tenzinyonten/layer_detection/data/raw_opf/P000262.opf/P000262.opf/base/v001.txt
P000263,old,False,0,0,0,0,762363,0,0,0.0,,,0,0,0,0,0,no_tsawa_layer,,/Users/tenzinyonten/layer_detection/data/raw_opf/P000263.opf/P000263.opf,,/Users/tenzinyonten/layer_detection/data/raw_opf/P000263.opf/P000263.opf/base/v001.txt
P000264,old,False,0,0,0,0,17914,0,0,0.0,,,0,0,0,0,0,no_tsawa_layer,,/Users/tenzinyonten/layer_detection/data/raw_opf/P000264.opf/P000264.opf,,/Users/tenzinyonten/layer_detection/data/raw_opf/P000264.opf/P000264.opf/base/v001.txt
P000265,old,False,0,0,0,0,233940,0,0,0.0,,,0,0,0,0,0,no_tsawa_layer,,/Users/tenzinyonten/layer_detection/data/raw_opf/P000265.opf/P000265.opf,,/Users/tenzinyonten/layer_detection/data/raw_opf/P000265.opf/P000265.opf/base/v001.txt
P000266,old,False,0,0,0,0,92447,0,0,0.0,,,0,0,0,0,0,no_tsawa_layer,,/Users/tenzinyonten/layer_detection/data/raw_opf/P000266.opf/P000266.opf,,/Users/tenzinyonten/layer_detection/data/raw_opf/P000266.opf/P000266.opf/base/v001.txt
P000267,old,False,0,0,0,0,98600,0,0,0.0,,,0,0,0,0,0,no_tsawa_layer,,/Users/tenzinyonten/layer_detection/data/raw_opf/P000267.opf/P000267.opf,,/Users/tenzinyonten/layer_detection/data/raw_opf/P000267.opf/P000267.opf/base/v001.txt
P000268,old,False,0,0,0,0,7771,0,0,0.0,,,0,0,0,0,0,no_tsawa_layer,,/Users/tenzinyonten/layer_detection/data/raw_opf/P000268.opf/P000268.opf,,/Users/tenzinyonten/layer_detection/data/raw_opf/P000268.opf/P000268.opf/base/v001.txt
P000269,old,True,50,0,0,50,314487,7821,7821,2.486907,156.42,121.0,0,0,0,0,0,ok,,/Users/tenzinyonten/layer_detection/data/raw_opf/P000269.opf/P000269.opf,/Users/tenzinyonten/layer_detection/data/raw_opf/P000269.opf/P000269.opf/layers/v001/Tsawa.yml,/Users/tenzinyonten/layer_detection/data/raw_opf/P000269.opf/P000269.opf/base/v001.txt
P000270,old,False,0,0,0,0,34843,0,0,0.0,,,0,0,0,0,0,no_tsawa_layer,,/Users/tenzinyonten/layer_detection/data/raw_opf/P000270.opf/P000270.opf,,/Users/tenzinyonten/layer_detection/data/raw_opf/P000270.opf/P000270.opf/base/v001.txt
P000271,old,False,0,0,0,0,443169,0,0,0.0,,,0,0,0,0,0,no_tsawa_layer,,/Users/tenzinyonten/layer_detection/data/raw_opf/P000271.opf/P000271.opf,,/Users/tenzinyonten/layer_detection/data/raw_opf/P000271.opf/P000271.opf/base/v001.txt
P000272,old,False,0,0,0,0,44098,0,0,0.0,,,0,0,0,0,0,no_tsawa_layer,,/Users/tenzinyonten/layer_detection/data/raw_opf/P000272.opf/P000272.opf,,/Users/tenzinyonten/layer_detection/data/raw_opf/P000272.opf/P000272.opf/base/v001.txt
P000273,old,False,0,0,0,0,3361,0,0,0.0,,,0,0,0,0,0,no_tsawa_layer,,/Users/tenzinyonten/layer_detection/data/raw_opf/P000273.opf/P000273.opf,,/Users/tenzinyonten/layer_detection/data/raw_opf/P000273.opf/P000273.opf/base/v001.txt
P000274,old,False,0,0,0,0,113885,0,0,0.0,,,0,0,0,0,0,no_tsawa_layer,,/Users/tenzinyonten/layer_detection/data/raw_opf/P000274.opf/P000274.opf,,/Users/tenzinyonten/layer_detection/data/raw_opf/P000274.opf/P000274.opf/base/v001.txt
P000275,old,True,3,0,0,3,580644,428,428,0.073711,142.667,144.0,0,0,0,0,0,ok,,/Users/tenzinyonten/layer_detection/data/raw_opf/P000275.opf/P000275.opf,/Users/tenzinyonten/layer_detection/data/raw_opf/P000275.opf/P000275.opf/layers/v001/Tsawa.yml,/Users/tenzinyonten/layer_detection/data/raw_opf/P000275.opf/P000275.opf/base/v001.txt
P000276,old,False,0,0,0,0,189039,0,0,0.0,,,0,0,0,0,0,no_tsawa_layer,,/Users/tenzinyonten/layer_detection/data/raw_opf/P000276.opf/P000276.opf,,/Users/tenzinyonten/layer_detection/data/raw_opf/P000276.opf/P000276.opf/base/v001.txt
P000277,old,False,0,0,0,0,49791,0,0,0.0,,,0,0,0,0,0,no_tsawa_layer,,/Users/tenzinyonten/layer_detection/data/raw_opf/P000277.opf/P000277.opf,,/Users/tenzinyonten/layer_detection/data/raw_opf/P000277.opf/P000277.opf/base/v001.txt
